model,params,loss
KNN,"{'n_neighbors': 5, 'weights': 'uniform'}","[2.72314690e+00 2.05627580e+00 7.57840285e+00 8.79597639e+00
 2.62405521e+00 2.32137152e+00 1.35574772e+00 3.26362033e+00
 3.01476451e+00 6.48724783e+00 1.08734793e+01 1.87727285e+00
 2.96745399e+00 2.42169836e+01 9.18887208e-01 1.00700273e+01
 2.28746286e+00 1.03228619e+00 8.08363197e+00 2.06306134e+00
 7.74950245e-01 4.28938811e+00 1.28025620e+00 8.73576730e+00
 2.32926803e+00 1.97438919e+00 2.80153170e-01 4.01930693e+00
 2.16737869e+00 9.84435481e+00 1.17995747e+01 1.13810285e-01
 1.62282485e+00 2.28948989e+00 1.95972111e+00 4.64019085e+00
 4.90997482e+00 9.10430334e-01 2.76824662e+00 6.32392823e+00
 2.51390121e+00 4.13062221e+00 2.29995236e+00 1.03409585e+01
 4.50446437e-01 2.22523857e+00 4.00907802e-01 1.83099578e+00
 1.62607160e+00 2.78875744e+00 1.95101041e+00 2.97422910e+00
 9.86707432e-01 2.64752548e+00 4.84044951e+00 8.87459258e-01
 8.27769847e+00 2.57836764e+00 4.52563016e+00 1.61443167e+00
 8.83955569e-01 7.36015094e-01 1.82302940e+00 5.28643412e+00
 3.27861873e+00 7.17236941e+00 1.40725099e+00 2.34504845e+00
 7.66546953e-01 8.61796263e-01 2.31086183e+00 8.42205925e+00
 1.13899178e+00 7.49055490e+00 2.10388704e+00 2.86136407e+00
 1.18882533e+00 1.29817649e+00 2.38337849e+01 1.49952588e-02
 1.23838455e+00 4.60474123e+00 4.06863836e+00 2.53676073e+00
 3.23420525e-01 2.73458049e+00 7.79992796e+00 2.20410830e+00
 2.04623912e+00 1.74642051e+00 8.56247375e+00 2.55937256e+00
 1.50567315e+00 1.34298747e+00 5.85025793e+00 5.54063263e+00
 1.12984837e+00 8.02812310e+00 1.69249215e+00 1.25798873e+00
 9.49840518e-01 1.08079822e+01 1.40710410e+01 3.15377396e+00
 3.17638686e-01 2.77847053e+00 1.71358659e+00 1.68953289e+01
 1.98725770e+00 4.33246398e+00 8.91177051e+00 8.95626483e+00
 1.66912149e+00 1.86756397e+00 4.96159880e+00 2.09203517e+00
 1.07018226e+00 5.10090979e+00 3.96683143e+00 2.83734263e+00
 2.33211176e+00 1.51963626e+00 1.04371978e+00 3.22120661e+00
 2.31000675e+00 4.56115834e+00 3.46439992e+00 2.16650692e+00
 4.95380589e+00 4.42549438e+00 1.66925635e+00 7.45285853e+00
 1.08705463e+01 8.06095075e-01 2.14431499e+00 1.12070342e+00
 1.30844828e+00 1.23289747e+00 1.18981974e+00 7.15686465e+00
 4.67586720e+00 1.43016619e+00 4.02039089e+00 8.28020798e+00
 2.59485622e+00 1.39863541e+01 2.64624514e+00 3.07653760e+00
 1.63718432e+00 8.37395428e-01 1.31030120e+00 2.98124362e+00
 2.41235762e+00 5.15823640e+00 1.74089348e+00 1.59992395e+00
 2.00961135e+00 3.97301616e+00 1.43364834e+00 1.23089256e+00
 3.86832379e+00 3.66895988e-01 4.74655842e+00 7.87335858e-01
 3.32914318e+00 4.04529559e+00 4.33283437e+00 3.69013888e+00
 5.32550657e+00 3.97648672e+00 2.95886205e+00 2.17881084e+00
 2.22886674e+00 1.32119622e+01 2.55603479e+00 6.95276772e+00
 2.51019091e+00 1.76877118e-01 1.02813882e+00 1.11107053e+00
 3.32698414e+00 2.04079979e+00 1.80171507e+00 3.69507336e+00
 3.68064801e+00 2.76706091e+00 3.40241484e+00 2.05860076e+00
 1.09377202e+01 3.70544033e+00 7.01405230e+00 1.72212680e+00
 2.07220144e+00 2.00974025e+00 1.53440063e+00 2.90343852e+00
 1.03831690e+00 4.76466942e-01 2.85932253e+00 3.78854623e+00
 4.64323156e+00 1.21150669e+00 1.17447045e+00 1.01536623e+01
 5.88733163e+00 2.98101485e+00 5.77669887e+00 4.96519062e+00
 4.51696335e+00 1.04974400e+00 1.53674317e+00 6.00434025e-01
 3.94237209e+00 2.61143774e+00 1.46771755e+00 3.70835678e+00
 3.18993813e+00 3.56657715e+00 1.65603120e+00 3.50388239e+00
 1.31714236e+01 4.69050592e+00 2.90285028e+00 5.94561162e-01
 3.64415954e+00 2.03811535e+00 3.11968897e+00 6.15275050e+00
 6.11681590e+00 1.78498379e+00 7.55569268e+00 3.69056498e+00
 3.65071219e+00 4.51674318e+00 8.51999700e-01 3.17219182e+00
 2.17335204e+01 2.62345849e+00 2.20016062e+00 4.09433100e+00
 1.88729040e+00 1.08642726e+00 1.00061160e+00 2.91356293e+00
 1.96834219e+00 6.61341490e+00 4.95135168e+00 3.04303115e+00
 1.17123093e+01 4.00474720e+00 2.11918986e+00 1.03256330e+00
 3.20411129e+00 3.44243294e+00 1.78361758e+00 2.61899521e+00
 8.85924160e-01 1.39024685e+00 3.24386824e+00 1.61684570e+00
 2.41234035e+00 1.28382166e+00 2.03808716e+00 1.01332223e+01
 6.87950130e+00 5.69813717e+00 4.16487570e+00 1.09078323e+00
 2.54594706e+00 8.53598674e-01 2.51419400e+00 3.30604286e+00
 1.39527302e+00 9.31612186e-01 4.55935034e+00 1.56265785e+00
 2.31237876e+00 1.12906281e+00 3.68247531e+00 2.89229959e+00
 6.57326028e-01 3.10436455e+00 3.62487256e+00 1.25148812e+00
 8.60144522e-01 3.79243369e+00 2.43626613e+00 5.21962653e+00
 5.13648768e+00 2.13909119e+00 1.67395773e-01 9.62288883e+00
 6.94779592e+00 1.11897081e+01 5.83436572e-01 2.95391558e-01
 6.43918087e-01 1.31950788e+00 1.90946348e+00 7.60372339e+00
 9.18459771e+00 3.77089300e+00 4.27515182e+00 1.14623357e+01
 3.79183751e+00 4.52206375e+00 1.09557449e+00 2.27200926e+00
 3.89199425e+00 4.33525202e+00 1.76859765e+00 6.27257280e+00
 3.37318927e+00 2.04939778e+01 5.78812022e+00 3.15481387e+00
 5.39215775e+00 4.26784289e+00 3.09329174e+00 2.43600680e+00]"
KNN,"{'n_neighbors': 5, 'weights': 'distance'}","[2.72427820e+00 2.05566021e+00 7.57416559e+00 8.79103941e+00
 2.62636952e+00 2.31795444e+00 1.35599956e+00 3.26307496e+00
 3.01527608e+00 6.48522139e+00 1.08774389e+01 1.87858413e+00
 2.96213305e+00 2.56156071e+01 9.14990590e-01 1.00893108e+01
 2.29225699e+00 1.03232452e+00 8.08279176e+00 2.04532795e+00
 7.72833118e-01 4.29226119e+00 1.28024581e+00 8.74956308e+00
 2.18931334e+00 1.96758501e+00 2.65868704e-01 4.01563584e+00
 2.16470010e+00 9.84548524e+00 1.18002842e+01 1.14165939e-01
 1.63263576e+00 2.28807424e+00 1.97441999e+00 4.61086839e+00
 4.91068260e+00 9.10671009e-01 2.76738201e+00 6.32621104e+00
 2.51298699e+00 4.12793186e+00 2.27636847e+00 1.03430394e+01
 4.46743904e-01 2.22524862e+00 4.07371647e-01 1.80585152e+00
 1.62565868e+00 2.74543100e+00 1.95015949e+00 2.97612455e+00
 9.90857172e-01 2.64492364e+00 4.84298237e+00 8.90583509e-01
 8.27738229e+00 2.57782641e+00 4.53138117e+00 1.61692472e+00
 8.80110175e-01 7.35688493e-01 1.82249520e+00 5.29910808e+00
 3.27434807e+00 7.16896973e+00 1.40787559e+00 2.35595341e+00
 7.52552059e-01 8.60983692e-01 2.31117575e+00 8.39222349e+00
 1.13879308e+00 7.49279749e+00 2.10942421e+00 2.87226530e+00
 1.18860627e+00 1.29642109e+00 2.38384673e+01 1.49883776e-02
 1.23821376e+00 4.61881303e+00 4.08550857e+00 2.50443087e+00
 3.23297505e-01 2.73387440e+00 7.79048196e+00 2.20272747e+00
 2.04624100e+00 1.72526038e+00 8.56653031e+00 2.56661933e+00
 1.49811256e+00 1.34290434e+00 5.85021407e+00 5.53648265e+00
 1.12350774e+00 7.99290631e+00 1.66056384e+00 1.26015673e+00
 9.53959036e-01 1.07990628e+01 1.41729514e+01 3.10217513e+00
 3.12087009e-01 2.77704090e+00 1.69521243e+00 1.68905710e+01
 1.98082494e+00 4.36540545e+00 8.93181361e+00 8.96725434e+00
 1.64655917e+00 1.87614077e+00 4.91151857e+00 2.09348592e+00
 1.07611637e+00 5.10670284e+00 3.95438445e+00 2.83666186e+00
 2.33223410e+00 1.51959359e+00 1.04197329e+00 3.24530655e+00
 2.29619631e+00 4.47616877e+00 3.46099216e+00 2.16162202e+00
 4.94253455e+00 4.50926871e+00 1.66935547e+00 7.46732518e+00
 1.08880729e+01 8.05717479e-01 2.20376918e+00 1.13832227e+00
 1.31210545e+00 1.24370667e+00 1.19153424e+00 7.15470753e+00
 4.67615585e+00 1.43018163e+00 4.06057360e+00 8.28611283e+00
 2.59514885e+00 1.39862775e+01 2.65232689e+00 3.08655058e+00
 1.63052779e+00 8.37083009e-01 1.32738863e+00 2.97692853e+00
 2.41488937e+00 5.17859991e+00 1.74958742e+00 1.60169404e+00
 2.00808570e+00 3.95742250e+00 1.43372446e+00 1.22942679e+00
 3.87368958e+00 3.59293160e-01 4.74960480e+00 7.89761310e-01
 3.33293045e+00 4.04495975e+00 4.32380524e+00 3.69187092e+00
 5.32405470e+00 3.97632671e+00 2.96707165e+00 2.17481722e+00
 2.22633758e+00 1.32122919e+01 2.55454556e+00 6.92319967e+00
 2.51270003e+00 1.76858582e-01 1.02769242e+00 1.11570973e+00
 3.32896757e+00 2.03845351e+00 1.80960575e+00 3.69095333e+00
 3.68457384e+00 2.76588125e+00 3.40222637e+00 2.06285131e+00
 1.09376991e+01 3.70595950e+00 7.01352924e+00 1.72234556e+00
 2.08186505e+00 2.00141555e+00 1.53933754e+00 2.90303628e+00
 1.04211856e+00 4.74726663e-01 2.85535566e+00 3.78210227e+00
 4.61705841e+00 1.21166585e+00 1.18436449e+00 1.01570490e+01
 5.88527875e+00 2.97890456e+00 5.77900154e+00 4.96229975e+00
 4.52964327e+00 1.05557250e+00 1.53651451e+00 5.96718565e-01
 4.02217250e+00 2.61472967e+00 1.46730480e+00 3.73556704e+00
 3.19016026e+00 3.56340472e+00 1.65588019e+00 3.50386601e+00
 1.31749895e+01 4.78707312e+00 2.90160346e+00 5.90663992e-01
 3.64456162e+00 2.02902279e+00 3.11356110e+00 6.16564516e+00
 6.10516006e+00 1.80573028e+00 7.51152998e+00 3.69425017e+00
 3.65711102e+00 4.51592066e+00 8.49421068e-01 3.17116026e+00
 2.17602627e+01 2.62608480e+00 2.19788285e+00 4.11018936e+00
 1.88458510e+00 1.08731444e+00 1.00537593e+00 2.96674661e+00
 1.96847451e+00 6.61696083e+00 4.97148566e+00 3.04186859e+00
 1.17251017e+01 4.00563609e+00 2.11839450e+00 1.02934810e+00
 3.19558368e+00 3.44880374e+00 1.78213711e+00 2.59945861e+00
 8.88064919e-01 1.39121071e+00 3.24387992e+00 1.62256672e+00
 2.41252693e+00 1.28906855e+00 1.95765407e+00 1.01257198e+01
 6.89608421e+00 5.71048288e+00 4.16363962e+00 1.08597951e+00
 2.54452857e+00 8.50638148e-01 2.51935486e+00 3.30627704e+00
 1.39572579e+00 9.39301760e-01 4.55784062e+00 1.56720136e+00
 2.31475483e+00 1.14958508e+00 3.69971672e+00 2.89223788e+00
 6.66426080e-01 3.10080305e+00 3.62362379e+00 1.24866863e+00
 8.62760249e-01 3.79059795e+00 2.43737647e+00 5.22841640e+00
 5.14045529e+00 2.13936413e+00 1.66122160e-01 9.59737614e+00
 6.96517671e+00 1.11909800e+01 5.77110909e-01 2.95981497e-01
 6.40694760e-01 1.30798866e+00 1.92727645e+00 7.60330884e+00
 9.18850743e+00 3.77344110e+00 4.26571249e+00 1.14715527e+01
 3.78462797e+00 4.52348267e+00 1.09825408e+00 2.26236694e+00
 3.88874209e+00 4.33084255e+00 1.76292531e+00 6.27913739e+00
 3.37553890e+00 2.05685232e+01 5.78673543e+00 3.15458950e+00
 5.39383390e+00 4.26701307e+00 3.11333307e+00 2.46851512e+00]"
KNN,"{'n_neighbors': 10, 'weights': 'uniform'}","[ 3.27246978  2.37821482  5.69649794  8.04192834  2.51263564  2.30702721
  0.63652972  2.61435786  2.91660533  7.34919959  9.82328862  1.62097102
  1.94713565 19.10393533  1.14397232 11.22712731  2.01639903  3.99585692
  8.38899284  1.60310304  2.52755373  3.166373    1.2780672   4.12769113
  2.03479238  2.78303449  0.44521467  2.85956754  2.8866675   7.83635167
  7.31044883  0.3479432   0.97566686  1.73045852  2.92492742  3.68680601
  4.57360071  1.04795639  3.23779044  6.53348131  2.53979937  3.87178078
  2.06105066 10.31929341  0.63064493  2.48373545  0.10755929  1.1946406
  1.40025989  3.22132247  1.90866222  2.7030949   1.12284257  2.80142985
  5.20705496  1.10691894  8.03508284  2.975819    5.38930413  0.41594343
  0.98775168  0.41383881  2.72630692  3.55741508  2.35986882  7.37883353
  1.59453097  2.33569016  0.79608506  0.2048215   2.06387081  8.38080685
  0.79394272  5.51240503  2.27428278  1.84258221  0.98151362  1.95862244
 24.19863474  0.1438776   1.01189577  3.97810557  3.4734225   3.66270666
  0.44579093  3.93031386  6.76745887  2.71914285  1.61151916  2.21337347
  8.90589404  1.92216173  0.84117975  1.37376595  5.51569472  6.16416818
  1.07263862  7.18735784  1.33998607  3.61829898  1.03762052  7.84647133
 12.1174525   1.82378546  0.67629789  2.97228432  1.6832757  17.09632487
  2.51566225  3.81543055  9.57919255 10.69739667  1.37193319  1.40614023
  4.82094676  2.09320272  1.17874975  6.01916246  4.17754532  3.3277843
  1.74566797  0.64877122  1.01955822  3.06287911  1.9250838   3.42216987
  3.06281981  3.03645852  4.00350552  2.87620853  1.49494982  5.1765777
  9.36307725  0.3678941   1.76472672  1.89655836  1.33598062  1.08061763
  0.58670675  6.18344734  4.79921504  0.91023283  2.24240548  8.00244828
  1.94410934 13.90892621  2.42686522  1.98542619  1.03279409  0.57532929
  0.4324694   3.38663313  2.42953595  4.00634278  1.88731704  3.93664177
  1.2830019   5.11714177  1.76972327  0.65413972  3.13677738  0.57202995
  4.47118942  1.07925727  3.05458131  5.17508832  4.33514162  2.55116805
  5.08761261  2.75893135  2.2577024   2.48312616  2.124239   13.14762689
  1.97011786  8.3619597   2.29254925  0.19842395  1.80421775  1.64212695
  2.83582714  1.00395565  2.67028295  3.7893293   3.29315359  2.26172698
  3.1637821   0.6972483   9.88816685  2.62918335  3.00879375  1.92299859
  2.24315777  1.83326457  1.22626935  1.0806573   1.55336314  0.77433355
  3.54766643  2.85274326  3.70492653  0.89885583  0.26782284 10.24690303
  5.63245085  3.49709786  7.50777046  4.21382986  3.02701547  1.3379614
  1.37924356  0.76446627  3.65064051  1.47945336  1.72698566  3.25224929
  2.88890195  3.36282931  2.21502304  3.20771706 12.89945158  4.51212273
  3.06369182  0.38120066  1.18135092  1.64558145  3.24805774  6.64784308
  5.02887722  3.06246791  5.4392444   3.31483899  2.90126494  4.12672955
  2.02795084  2.71626033 22.98231331  2.24961488  2.60777102  4.54710307
  1.54989552  1.39199291  0.93521976  2.51894064  1.26520893  5.68747655
  4.93773424  2.18372069  9.2770165   4.3475858   1.39046534  0.31033714
  2.84210151  4.89573213  0.59028402  2.29549216  0.34071345  1.58023438
  2.80830455  1.42726266  1.70372178  1.82296864  2.72473725  9.77087333
  7.15671447  3.89390834  4.34382934  1.60581231  3.65722809  1.77264849
  2.38535247  3.52677788  1.00974577  0.36514573  4.20454833  1.45747086
  1.70185076  0.82049145  3.76168725  3.66891151  3.22211494  2.47856715
  2.71543926  1.67982654  0.64421587  3.39929265  1.73510428  5.67202116
  4.29121339  1.3247644   0.83517435  7.72003093  5.54148692 11.05814099
  0.89196573  0.31560023  2.20115746  1.40604442  2.03777926  9.15572007
  8.09922249  2.95855968  4.1203151   9.72364696  3.30671266  4.45846614
  0.52012208  2.75940741  3.07167836  2.94874798  2.22986205  6.39585022
  2.50686265 15.19652206  4.2383069   2.04254543  5.33075562  4.24109615
  4.03583375  3.20819243]"
KNN,"{'n_neighbors': 10, 'weights': 'distance'}","[ 3.27226463  2.37692713  5.69861981  8.04317042  2.51494948  2.30912654
  0.64252665  2.61825314  2.9171078   7.34831163  9.8359173   1.62215653
  1.95763779 20.26983029  1.13854753 11.19559721  2.02654599  3.96862821
  8.38747229  1.60032751  2.52070677  3.18104571  1.27807633  4.13904047
  1.97010919  2.77293451  0.437096    2.85882376  2.88341259  7.84239235
  7.31673777  0.34700016  0.98659772  1.73524637  2.90904264  3.70776535
  4.57411185  1.04897414  3.2321641   6.53379311  2.53981174  3.86922285
  2.0530086  10.32016902  0.61266146  2.47989333  0.10301917  1.1927159
  1.40087645  3.17881491  1.90812995  2.70376966  1.12286638  2.79886132
  5.20675243  1.10990608  8.03489658  2.97366271  5.32538303  0.43139121
  0.98548806  0.41460501  2.7188673   3.56099499  2.36001473  7.37658657
  1.59340244  2.34071258  0.78283724  0.20564349  2.06284422  8.36382591
  0.79367192  5.54382548  2.27241026  1.8611502   0.983058    1.95289023
 24.19531077  0.14092693  1.01265705  3.96952772  3.48493751  3.63374382
  0.44364341  3.92298605  6.76532313  2.71803528  1.61449635  2.1953469
  8.90711141  1.92795744  0.83930311  1.37329949  5.51972352  6.16104891
  1.07051347  7.18375763  1.32612619  3.59632222  1.04068825  7.86474737
 12.17594969  1.8202292   0.66246233  2.96920555  1.67437359 17.09243487
  2.51036097  3.83267398  9.58315269 10.69797352  1.36373562  1.41764318
  4.79496276  2.09271456  1.17994187  6.01706031  4.17599903  3.32460068
  1.74618005  0.65367739  1.01295732  3.08218374  1.92370634  3.48213294
  3.06353355  3.02996967  4.00281314  2.93292913  1.49525059  5.19981559
  9.4256306   0.36847929  1.80628709  1.84221243  1.33684689  1.08805842
  0.58458324  6.18651988  4.80016326  0.91046437  2.32027323  8.00520717
  1.9468808  13.91008683  2.43037806  2.00771717  1.03101728  0.57374973
  0.38116565  3.3843093   2.43075686  4.03363152  1.88936825  3.9155293
  1.285741    5.10088959  1.76952314  0.65600228  3.1421876   0.57031186
  4.47634052  1.07863043  3.0637739   5.16568949  4.32996761  2.55848518
  5.08788276  2.76175487  2.26470338  2.47923889  2.12312352 13.14803616
  1.973686    8.31759739  2.29402498  0.19455007  1.79070015  1.63304449
  2.83842902  1.00649957  2.66830853  3.78702586  3.2964772   2.26124674
  3.16413114  0.70141898  9.8911235   2.6381951   3.02764044  1.92272846
  2.24634844  1.82885542  1.22955881  1.08683974  1.55036862  0.77287353
  3.53721658  2.85355643  3.73050254  0.90165248  0.29379148 10.24750518
  5.63399529  3.48441623  7.50077852  4.21988328  3.05255348  1.3365859
  1.37913755  0.76274199  3.69849223  1.48446538  1.72464979  3.27367594
  2.88920924  3.36172418  2.20971348  3.20878908 12.90243176  4.59641734
  3.05953135  0.37997692  1.21566981  1.64120197  3.23572494  6.65186334
  5.03113245  3.0604371   5.4279587   3.31870037  2.90605718  4.1307335
  2.02285185  2.71686626 22.95463704  2.25140796  2.60559498  4.5381151
  1.54998327  1.39089229  0.93610287  2.55073619  1.26599417  5.69591267
  4.94754538  2.18836784  9.31188143  4.34534151  1.39414045  0.30987311
  2.83911549  4.89424234  0.58663456  2.28749449  0.33359213  1.5799492
  2.80873581  1.43013931  1.70309167  1.81781146  2.64648098  9.77360613
  7.1606906   3.90561908  4.34036595  1.59942828  3.65229419  1.75185134
  2.3875845   3.52654915  1.01163258  0.37257104  4.20478744  1.46563339
  1.70638747  0.83809948  3.77203006  3.65503452  3.18744676  2.50595762
  2.71699538  1.67097912  0.64264855  3.40276429  1.73720208  5.67370058
  4.3002867   1.32793278  0.83133844  7.78251827  5.56594787 11.05944394
  0.88763767  0.31468129  2.18023547  1.40019838  2.03951972  9.1449323
  8.11949642  2.96837207  4.11564366  9.73221246  3.30769877  4.46148017
  0.52471393  2.74470597  3.07240034  2.96435949  2.21846022  6.39415633
  2.5147026  15.35863262  4.24068737  2.10030697  5.33244021  4.2400851
  4.0125898   3.19824902]"
KNN,"{'n_neighbors': 12, 'weights': 'uniform'}","[ 2.99415208  2.56944728  5.83667624  8.38120504  2.48459493  2.24591744
  0.46283676  2.25786727  2.62029226  7.73793164  9.90920345  2.1854986
  2.18766901 17.4329318   1.13098785 11.12358644  1.78955693  3.39629358
  8.61267422  1.63626099  2.19118348  3.21456476  1.27655932  3.46244405
  1.78576846  2.6563814   0.55935422  4.3473018   2.8164273   8.10835315
  7.6375921   0.35864422  1.01984314  1.44630399  2.65019427  5.38363946
  4.31348421  0.88359852  3.57729851  6.48834786  2.30722219  3.86071682
  1.81817624 10.36985194  1.09846617  2.52668448  0.16276339  1.25857752
  1.71784064  3.42459261  1.86266592  2.62976536  1.38509621  2.8346047
  5.24357942  1.60228621  8.09454916  3.00310333  4.8907033   0.26541289
  0.93932459  0.30464497  2.80418604  3.28191193  2.12353541  8.02197648
  1.41582573  2.46053188  0.98148594  0.16439756  1.83620216  8.78387338
  0.77859617  5.86878095  1.91115636  1.56552498  0.88461576  1.85875327
 24.21077852  0.42135826  1.3567618   4.16628494  3.53494098  3.95860532
  0.51692778  3.7524944   7.94042376  2.87887334  1.51347842  2.54229953
  7.6773922   1.74430324  1.335542    1.5809721   5.54497458  6.95739139
  1.21119219  6.89635556  1.89720289  3.45057209  1.14349757  7.86740237
 11.03157395  2.00893522  0.73501853  2.91280507  2.11347187 17.30535397
  2.74853914  3.5446902   9.41810125 10.486149    1.18950313  1.04587611
  4.65209291  2.11428527  0.93646243  5.7821337   3.79288738  2.71229854
  1.83843016  0.66098538  1.19852451  2.43407038  2.03063184  3.2011608
  2.93839645  2.70551399  7.32644245  3.00358703  1.424733    4.7143337
  9.34803745  0.32280958  1.8143897   1.76564072  1.22624762  1.42823083
  0.56053664  6.01874669  4.95701842  0.84336278  2.06667401  8.20413661
  1.99899146 13.76962044  2.32687745  1.99765721  0.69586644  0.63066016
  0.45863881  3.27826762  2.53535209  3.99751788  1.86067556  3.29898198
  1.30298845  4.58628405  1.89601884  0.53731942  2.88592295  0.06219784
  4.30560327  0.69032879  3.61408572  5.30617526  4.65401384  2.43642961
  4.85051179  2.89108918  1.62725045  2.29856312  1.99513228 13.11664162
  1.82633599  8.42767156  2.03694743  0.11804843  1.6846799   1.40564826
  2.82460473  0.36501089  2.84173914  3.79174994  2.90796898  1.90937324
  2.69572986  1.25127651 10.13086403  2.92901687  2.33498101  1.49238326
  2.16320501  1.79599873  1.40315847  1.1282121   1.74518438  0.55672525
  3.19282233  2.75678867  3.68001128  1.03342326  0.47040657 10.39079565
  5.67610765  3.55515009  7.80675443  4.28585834  2.83512406  0.77195741
  1.40614487  0.96878339  3.96729724  1.8148047   1.77230677  3.56150125
  3.11698844  3.6988608   1.87429572  3.28297043 12.90117517  5.00796909
  2.67132495  0.59255639  1.24611118  1.44000221  3.66421475  6.63694712
  5.23759857  2.6924014   5.07824     3.33261671  3.3358448   4.10991103
  1.90196189  2.7202063  22.75999925  2.36944034  2.38925136  4.28144779
  1.60322103  1.33997904  0.79569574  2.95366118  1.88467752  6.06198421
  4.7928512   2.49195295  9.59504198  3.88415074  1.33663761  0.7152923
  3.25919727  5.05607755  0.74810654  2.18284785  0.31621411  1.28851785
  2.78229872  1.20224698  1.4961888   1.15041259  2.59937676 10.53776181
  7.91334464  3.6121246   3.95127207  1.91295827  3.33243628  1.94152672
  2.31674616  4.38881386  1.56481484  0.20518991  4.04122729  1.43998052
  2.43468603  1.31611259  3.42645006  3.67190566  2.81074954  2.90294238
  2.5871051   2.04876849  0.88727411  3.29092932  1.83593934  5.48041403
  4.33735464  1.47485907  0.8432975   8.6074378   5.78772674 11.15482129
  0.82484253  0.52102845  1.86391408  1.1369603   2.24388434  9.48838551
  6.74261872  2.44528957  3.81232271  8.89348667  3.29752042  3.5928956
  0.50420572  3.26346262  2.48020491  2.60292312  1.84363751  6.00755731
  2.27489174 13.00769371  4.12057753  2.04174379  5.41262308  4.15702289
  4.2530763   2.87786802]"
KNN,"{'n_neighbors': 12, 'weights': 'distance'}","[ 2.99431733  2.56660719  5.8380452   8.38004479  2.48676279  2.24997324
  0.46851879  2.27246832  2.62202601  7.73531197  9.91880408  2.18408056
  2.19165539 18.59883829  1.1266751  11.1011218   1.80315826  3.37764488
  8.61062303  1.63384111  2.18711738  3.22575889  1.27658114  3.473082
  1.74300141  2.64914202  0.55100656  4.33902229  2.81392567  8.11221732
  7.64102126  0.35787276  1.02107744  1.46108417  2.64171997  5.27739049
  4.31409498  0.88681545  3.57036893  6.4895538   2.30814131  3.85973467
  1.81504911 10.37042343  1.07717377  2.52274897  0.15890912  1.25468969
  1.71699326  3.38148178  1.86237468  2.63068371  1.38140128  2.83227654
  5.24315928  1.59507836  8.09430185  3.00061354  4.8747707   0.2813254
  0.93778497  0.30071653  2.79700849  3.28310308  2.12444464  8.01737236
  1.41569243  2.46301276  0.96419495  0.16560188  1.8377263   8.76166129
  0.77851014  5.88584686  1.91776245  1.58562656  0.88819792  1.85435104
 24.20718965  0.41020783  1.35568475  4.12942132  3.54500577  3.92802325
  0.51320081  3.74827954  7.93348628  2.87746462  1.51737017  2.52223658
  7.6820575   1.75279297  1.32702709  1.57953637  5.54780651  6.953673
  1.20755453  6.89876539  1.87440444  3.43470571  1.14425162  7.8826134
 11.08520926  2.00120481  0.72163917  2.91069703  2.0979318  17.30039161
  2.74207759  3.56153877  9.42324908 10.48740594  1.18680349  1.05832391
  4.6327764   2.11353586  0.94049443  5.78240975  3.79516807  2.71357488
  1.83776518  0.66540387  1.19351482  2.46874042  2.02721235  3.27777326
  2.94126985  2.70195446  7.30578222  3.04886149  1.4256157   4.74382453
  9.39724502  0.3234193   1.84792366  1.72387674  1.22846189  1.42551348
  0.55800271  6.02231662  4.95378559  0.84357361  2.13495627  8.20524613
  2.00091082 13.77495581  2.33053072  2.01489629  0.69553288  0.62697775
  0.41092938  3.27665933  2.53537988  4.0188523   1.86279223  3.29711604
  1.3047968   4.5812957   1.89568279  0.53913031  2.89226085  0.06539845
  4.31411661  0.69624834  3.61082996  5.29650182  4.64732084  2.44335398
  4.85546523  2.89280485  1.63859558  2.29754853  1.99526473 13.11741596
  1.83027728  8.38884001  2.03918519  0.11650458  1.67625131  1.40282711
  2.82663841  0.36996442  2.83571936  3.79014929  2.91323355  1.91080032
  2.69831553  1.25209487 10.13181488  2.93341611  2.35499567  1.493222
  2.16610136  1.79271446  1.40512767  1.13339975  1.74190866  0.55682147
  3.18857603  2.75796071  3.70126097  1.03402746  0.48315358 10.38975754
  5.67567529  3.54333832  7.79853071  4.29006526  2.86101626  0.77896934
  1.4059629   0.96397825  3.98861749  1.81769218  1.7698692   3.57226966
  3.11455923  3.69567101  1.8726706   3.28353736 12.90355486  5.04673614
  2.67047414  0.589553    1.27347927  1.43952006  3.64539089  6.64027983
  5.23629005  2.69586375  5.07364194  3.3357907   3.33788496  4.1135814
  1.89815254  2.71865426 22.75023795  2.37015205  2.38800048  4.28476709
  1.60304522  1.33893236  0.80104725  2.97029611  1.88089462  6.06459631
  4.80271929  2.49343264  9.61910433  3.88636717  1.34008788  0.71386062
  3.25386612  5.05409313  0.74179809  2.17688811  0.3106483   1.28908131
  2.78275857  1.20664274  1.49647391  1.15370297  2.53446381 10.53037939
  7.89254407  3.62316021  3.953019    1.90394833  3.32920098  1.91929268
  2.31910351  4.38670184  1.55216184  0.21222087  4.04202523  1.44742117
  2.43355704  1.3099437   3.43679839  3.66037663  2.78995872  2.89924021
  2.5886138   2.03723939  0.88386844  3.29562038  1.83672477  5.48434861
  4.34441671  1.476103    0.84007775  8.5607481   5.80099287 11.15506654
  0.82179479  0.51867909  1.85292781  1.13738334  2.24208924  9.47659465
  6.78206278  2.46967964  3.8158026   8.9054017   3.29841902  3.61090114
  0.50575441  3.2383724   2.48363139  2.62361302  1.8512784   6.01155508
  2.28436521 13.18199411  4.12273106  2.07520911  5.41282986  4.15743143
  4.21960863  2.88479181]"
KNN,"{'n_neighbors': 15, 'weights': 'uniform'}","[ 3.25940733  3.30555591  5.66551497  8.47807925  2.58999921  2.32442852
  1.21331782  2.11107308  2.52242151 11.07263935 10.50507698  1.96526391
  2.15441494 14.22201725  1.05212961 11.2420279   1.76363655  3.42503393
  8.72962094  1.46914123  2.03547581  2.96773722  1.15042791  3.10918261
  1.93980334  2.74762119  0.63107565  3.58457965  2.51730081  8.30778402
  7.77596347  0.46588238  0.78566003  1.88886914  2.91203926  5.29960946
  4.3225175   1.23442197  3.58815954  6.46364751  1.69929415  3.38555976
  1.02837549 10.26168567  1.41967042  2.5073385   0.31654485  1.43721758
  1.80308807  3.34841041  1.87795762  2.71822867  1.55893356  3.26139287
  5.09799033  1.59223977  7.90530123  2.75604105  4.80199522  0.38133686
  1.28014381  0.26299493  2.88111787  2.9520088   0.98768076  8.46004503
  1.69861358  2.56827062  5.87020034  0.22627405  1.68829127  9.0669246
  1.09620474  5.6659849   2.41861172  0.99308871  0.87280727  1.71046869
 23.69029459  0.49467028  1.32391102  4.08010018  3.42465505  3.8532371
  0.76693455  3.66038181  7.78142964  2.82488502  1.55097679  2.20187323
  7.31450541  1.71074208  1.23676606  1.59285082  5.68731798  3.16794968
  1.21811422  6.60152514  1.97259572  3.31955249  1.18550565  8.21413276
 10.03039969  2.21413078  0.72489864  4.81930609  1.60006863 17.85528258
  2.63883372  3.23243222  9.70126226 11.07249631  1.08101983  0.96521427
  5.49268845  2.20953256  0.78020994  5.51566713  3.7636922   2.41070087
  1.83150288  0.67724742  1.24217248  2.89396853  1.8602295   3.70774101
  3.2308012   2.70083517  6.82736588  2.34017055  1.64463981  4.33425894
  9.93165119  0.23757514  1.94850854  1.81654985  1.36846659  2.96190895
  0.74337397  6.20759219  4.36479702  0.76124557  1.79696882  7.61113136
  1.80896655 13.66146392  2.43312101  1.47744382  0.17050584  0.80454653
  0.66945612  3.42111609  2.42456178  4.13802821  1.77697572  2.5860238
  0.96521575  4.33740275  2.13437646  0.78024409  2.65212247  0.15347697
  4.6566193   0.48516606  3.88933509  5.20130773  4.63837773  2.14118432
  5.01204997  2.94610967  2.12516006  2.35824811  1.70484117 13.06873909
  2.01719854  8.34077222  2.08654741  0.26647535  0.95808144  1.31085955
  2.98805015  0.23326898  2.4590178   5.15734747  2.79304205  1.93662482
  2.31820034  0.92039142 10.31734478  3.27326692  1.62657734  1.6528137
  2.2050316   2.49727479  1.48097963  1.03717204  1.62529032  0.58347413
  2.66996358  2.3539447   3.25872945  1.28968472  1.14403596 10.47455552
  5.74284567  3.56104322  8.01132796  4.60187198  2.81604174  0.70042086
  1.15460657  0.8395015   3.83051658  1.4881515   1.70770668  3.53863227
  2.93425333  4.01000878  1.69047525  3.46724999 13.03947623  5.86678458
  2.37001417  0.68249911  0.86601335  1.40791697  3.49756731  5.88376679
  5.25904604  2.46537552  4.50899779  3.39488896  3.48003002  3.98234809
  1.78229185  2.59665377 22.31320729  2.06241497  2.3429779   4.41562208
  1.83917555  1.36970551  0.78946736  3.34225812  1.43753501  6.31377332
  4.57571559  2.76338467  9.82715076  3.6514367   1.6261694   0.7785594
  2.84506043  5.46074842  1.1263619   2.09814287  0.46071249  1.10229559
  2.51047995  0.95925721  1.16677497  1.3827214   2.7263898  10.4234688
  7.78386999  3.81587566  4.03534988  1.70887133  3.50502685  1.84676604
  2.20514794  5.08431445  1.6625367   0.64437857  4.37161437  1.10254091
  1.95873003  1.19789871  3.35624358  4.1723592   2.9464679   2.8619888
  2.58242891  1.92768411  1.06784143  2.9755039   1.90329212  5.20989079
  4.24026661  1.14656995  0.75748063  9.14406399  6.02632939 11.09781875
  0.74679083  0.79682448  1.66328744  1.35498836  2.45215559  9.71829349
  7.37659731  2.11095796  3.8239821   7.54558455  2.90481929  3.8286732
  0.49265669  3.06963194  2.17485369  2.33899144  1.96041603  6.56324535
  2.93885765 11.64621985  4.04159518  1.77743357  5.57230028  4.03668598
  4.17239329  2.88454238]"
KNN,"{'n_neighbors': 15, 'weights': 'distance'}","[ 3.25759639  3.29983793  5.66718886  8.47620613  2.59083932  2.32488336
  1.21451642  2.12668502  2.52401168 11.04859466 10.50508692  1.96517481
  2.15810587 15.49632227  1.05005562 11.21901575  1.77537499  3.410205
  8.72757501  1.45472508  2.03239004  2.98098336  1.15181449  3.11569381
  1.89993596  2.73993126  0.62286583  3.58266272  2.51662786  8.31001058
  7.77784318  0.46499706  0.7842135   1.88133826  2.90249205  5.22417886
  4.32287519  1.23216711  3.58241477  6.46468703  1.70331212  3.39801102
  1.03719748 10.26267373  1.39643981  2.50441055  0.3139397   1.42980272
  1.80212164  3.31809393  1.87754569  2.71876083  1.55290125  3.25770379
  5.09823592  1.58690432  7.90582214  2.75661343  4.80095344  0.39238926
  1.27647666  0.25998749  2.87333664  2.9530493   0.98965721  8.45469413
  1.69710138  2.56864719  5.70677381  0.226469    1.69181086  9.04219497
  1.09349582  5.6813779   2.40925298  1.02190235  0.87468534  1.70993441
 23.69413154  0.48389355  1.32336819  4.04951309  3.43238329  3.82945074
  0.7578513   3.65828628  7.77676559  2.82417369  1.55363495  2.19315999
  7.31925837  1.71976263  1.22943558  1.59128858  5.68527251  3.16504483
  1.21479861  6.60746255  1.95359427  3.30880868  1.18486837  8.22329804
 10.07883955  2.20292104  0.71414917  4.79543854  1.59594455 17.84605022
  2.63436159  3.25009246  9.70034652 11.07006043  1.08043214  0.97296892
  5.46104915  2.20634013  0.78662156  5.51799244  3.76726246  2.41392786
  1.83136073  0.68087249  1.23749271  2.90700381  1.86105035  3.72031413
  3.22751131  2.69830627  6.81413606  2.38661107  1.64360628  4.36615255
  9.93536359  0.23839045  1.96996188  1.78040989  1.36838605  2.92009322
  0.74006374  6.20933814  4.37428511  0.7615556   1.86356364  7.61631939
  1.81060563 13.66853039  2.43526066  1.5013091   0.16370192  0.79996992
  0.61412938  3.41887727  2.42438576  4.15099105  1.78150061  2.6002803
  0.96882901  4.33848788  2.13351574  0.78066878  2.65839145  0.15407443
  4.6553295   0.4928001   3.88190172  5.19467237  4.6331625   2.14906891
  5.01202549  2.94712555  2.12508212  2.35670909  1.70637436 13.06992289
  2.01940361  8.31130726  2.08771757  0.25897984  0.96085477  1.31021113
  2.9875901   0.2374286   2.46317575  5.15064661  2.79769148  1.93776201
  2.32238174  0.92274798 10.31708095  3.27225867  1.64798585  1.65227253
  2.20659991  2.49003775  1.4815533   1.04211869  1.6238142   0.58264083
  2.67449098  2.3620955   3.29128806  1.28662583  1.12665591 10.47267725
  5.74118829  3.55155461  8.00324915  4.60000034  2.83795701  0.70269332
  1.15517794  0.83713393  3.85841758  1.49204094  1.70646298  3.54744241
  2.93432905  4.00454039  1.69140256  3.46670383 13.04001278  5.7930605
  2.37103447  0.67896305  0.89306729  1.40835319  3.48631637  5.88886319
  5.25837508  2.471481    4.51849521  3.39705032  3.48143699  3.98685008
  1.77969768  2.59583107 22.32936933  2.06460598  2.34211627  4.41408195
  1.83701848  1.36853503  0.78539373  3.34710216  1.43542502  6.31177363
  4.58732334  2.76272105  9.84283369  3.65593999  1.6255282   0.77849668
  2.84310071  5.4568335   1.12021242  2.09411935  0.45508655  1.10336129
  2.51238055  0.96510712  1.16858076  1.38259055  2.65951777 10.41800525
  7.77123184  3.82356247  4.03514838  1.703921    3.501615    1.82914219
  2.20554083  5.08134148  1.64726401  0.59185663  4.37089482  1.11913087
  1.96066745  1.19975094  3.3644532   4.14735346  2.92542356  2.8609366
  2.58341092  1.91885372  1.06061231  2.98924225  1.9029202   5.21672373
  4.24698775  1.14967867  0.75534863  9.05095108  6.03078222 11.09844699
  0.74455704  0.79175063  1.6584187   1.35078492  2.44611351  9.70721158
  7.40027191  2.14190403  3.82458666  7.56201591  2.91040203  3.83958793
  0.49256241  3.054473    2.17984566  2.36123607  1.95510851  6.55876078
  2.93436375 11.80458517  4.04366596  1.8217925   5.56922038  4.03958228
  4.14522456  2.88558958]"
DecisionTree,{'max_depth': 5},"[ 2.61154066  2.26072304  3.77125693  8.82335514  2.54305304  0.95961987
  1.80246997  2.88053131  3.06422591 10.00533139 10.97446188  1.45326008
  1.59051554  8.3042778   2.6650321  10.46962638  1.64430929  4.55836227
  8.5972983   2.59857052  1.54636135  2.05947365  2.96630326  5.31101883
  2.17064579  3.25569143  1.30959603  1.59063413  2.45052802  6.01995035
 10.01626876  0.76107764  1.80662418  3.16614426  2.06778607  3.98496727
  5.41549501  1.33088282  3.37733399  4.73658862  2.14527249  3.91923032
  0.84336121 10.65405728  1.12124855  3.99273688  1.60407272  2.89073435
  4.60625437  2.31258247  2.5422586   2.64845484  2.32266763  2.77657473
  5.43681086  2.29440566  8.06374632  2.70994939  4.72709217  0.39651559
  1.5602483   2.25936649  3.59572367  4.4273694   1.48310139 10.64411271
  1.88740412  0.98030132  0.8778284   0.86041569  1.10141304  8.79596288
  1.6004782   5.83621993  1.96922524  1.17091371  0.28494446  2.40328563
 23.08269857  1.22145274  0.83644008  1.97918531  2.13474549  4.06536881
  2.4955373   3.34527231 13.48636268  2.44109213  2.95378071  3.28823117
  9.19791627  3.51526203  1.68084631  3.12972298  4.31950575  9.27949222
  2.24188454  4.30399857  1.84404391  1.07772843  3.3091124   6.79878129
  4.21422048  2.43795987  1.32833828  3.60672832  2.23477403 16.83631769
  0.98379227  3.66378993 10.11997896  8.80673184  1.1439576   2.10963049
  7.29653543  3.98911914  1.60884903  5.7348615   2.28252854  2.98844667
  0.43389901  1.52997784  0.82458282  2.61754031  1.80778259  3.75400639
  2.92131913  2.3325452   4.74198682  0.88085276  1.95908928  2.96304651
 10.05974899  0.6462422   4.77154154  3.19929232  1.85879637  0.72346509
  0.36333069  6.7071371   3.27828567  1.75683197  3.31649131  2.33246908
  1.79864831 15.02718816  3.19596813  1.80917335  2.44311925  3.29223681
  2.10963049  5.39911468  2.84021789  4.61354842  3.25065249  0.86213836
  1.81047504  3.7899025   2.47773965  0.34681046  1.16088586  1.19036427
  4.93989619  1.73521301  3.83993507  5.29291032  2.24440735  1.08560185
  4.43606583  3.25051464  2.94097933  3.81623364  2.26821457 13.44708831
  2.25731309  8.31466284  3.13947495  2.65556113  1.43799517  3.19959146
  4.19861499  0.46630648  2.17824948  1.19326322  3.18605806  1.80079693
  2.05899971  0.7386756  10.69983737  2.62298487  0.56047452  1.31635917
  2.49226001  2.15533109  0.48739423  1.54917835  1.85559786  0.64889901
  2.24590482  2.66466483  1.80818202  2.52313198  2.49216122 10.68521158
  6.14084529  5.69323732  5.88593165  4.84758912  2.48591633  1.72330796
  2.03318115  0.78305272  2.30013602  1.02249433  2.55099804  2.5662355
  3.36307903  3.27748672  2.30294559  3.58436229  9.96119413  3.49591268
  1.84491672  0.42904678  3.50727645  1.90312908  2.37004911  2.49619774
  5.8269582   2.15334471  4.58661435  3.37275851  5.92938749  5.68181144
  2.06511376  3.09519283 21.50614162  0.97358226  4.66289787  5.86128246
  1.85949184  1.25404114  2.37450559  2.7518247   2.08887991  5.92484578
  4.62291532  1.79121644  9.22912889  4.01432952  2.98578641  1.37123863
  1.32561691  7.3947098   2.48791656  1.33297578  1.65910854  1.98208494
  3.93837869  0.71747733  1.06096137  2.91375792  4.38478747 10.69384146
  7.66401569  2.72850918  5.85455516  2.49966917  3.56350198  2.12188359
  2.58562771  2.56093666  1.33728926  1.75056122  2.97748354  0.82252287
  1.47683959  1.89214329  3.17903069  3.45687279  1.0675778   2.75371815
  2.1658924   0.73943472  2.50251188  3.17121779  2.1634829   5.65101966
  4.16806021  3.1253962   2.56129029  7.58051046  5.68803424 10.60916543
  0.80707213  0.70636221  1.56239724  1.2130289   1.81887496 10.4260699
  4.53785557  1.62118417  3.55022631  1.09354496  2.48768433  3.26396448
  0.69000293  1.69862848  2.21979981  2.07307738  2.72743727  5.59659435
  3.22581417  9.43367179  4.25277732  1.262237    4.89930395  3.39081826
  3.89478999  4.99166528]"
DecisionTree,{'max_depth': 10},"[ 3.25747432  1.23995139  4.76360012  8.52113119  1.79708732  0.58936395
  1.82925073  1.28624669  2.16135435  8.33918641 10.4535734   2.76199314
  1.47507376 11.78443023  1.83773554 11.387553    1.25440303  5.58148315
  8.9974183   1.64503343  2.58518671  1.22703506  1.94243559  4.06359743
  1.96455327  3.40401841  1.03050264  2.881202    1.19909022  6.14811591
  8.35028635  0.39381906  1.86895613  2.25460816  2.49265152  4.39112748
  5.30253785  1.30292151  5.11151647  4.70959094  2.25694011  3.6761015
  1.79310993  8.40391406  0.76074511  3.56179536  0.65398017  1.98911061
  4.37847781  2.54892309  1.79245415  2.12449544  2.2984526   2.85772092
  5.82403751  2.26258855  8.34605057  1.80928612  7.32991517  0.60199695
  0.52599203  1.45711708  3.54423546  2.3789431   3.1149266   8.39391612
  1.57383827  1.08330718  1.60592893  0.46713002  0.78471382  9.23715885
  2.00072377  5.46255791  2.39420191  1.4327398   1.28920183  2.77141191
 21.82543377  2.58914884  0.79564451  1.81158438  1.94821698  5.20194696
  1.68997531  3.22209872 12.54435557  2.73769678  2.66938632  2.75538536
  9.76068142  2.55016652  1.43398449  2.0332087   5.18705343  8.94326577
  1.58073414  3.59952104  1.31880645  0.84429274  3.07969119  6.21688696
  5.59805927  1.93860612  0.82198642  3.63740132  1.57024236 17.0665871
  2.06073965  2.86272055  9.77104352  6.31708551  0.38137647  1.66226114
  5.79179677  3.10035799  0.71577819  5.62355165  4.05095483  2.30125152
  1.04200162  2.03308251  0.72368236  1.75871321  1.68886106  2.21674855
  2.29548855  1.43617336  5.70682746  1.28221398  2.84392455  3.32163103
 11.72094467  1.1488193   4.39474064  2.04099676  2.14220887  0.8186224
  1.04992564  5.88819328  3.55404153  0.92710553  1.86322715  4.03827511
  1.83804051 15.543452    1.23957942  0.37236935  0.83233304  2.75977112
  1.20511452  2.2747971   3.04634865  4.35116466  2.07875588  1.11446595
  0.24606401  4.18894441  1.7209385   0.38531744  1.13091739  1.73817876
  4.40919507  2.0902146   2.92197851  4.96875363  3.98005253  1.35074947
  4.19850888  3.63006952  0.71813862  3.14042952  3.44236559 13.76927312
  1.98654074  8.68530371  2.53546959  2.13278223  0.64318105  1.99690279
  3.49264639  0.82821682  1.90873004  1.69256378  3.16360604  1.41281003
  3.00014181  0.74180578 10.50832079  3.4486287   0.64059764  1.82970613
  2.58859539  1.25617402  0.48444757  0.60457423  1.99398441  1.12073835
  1.93871181  1.90642047  1.40102554  3.08604362  1.95655189 11.47896831
  6.2184589   5.42620111  5.83229394  5.41065327  2.74205493  0.91686699
  1.51295508  0.87246275  3.83144755  0.29766307  1.80130026  2.96034843
  2.99098676  3.16885471  2.17205742  3.94144637 11.06008459  3.86344195
  1.82087139  1.37861681  1.24738614  2.45025344  3.37528396  2.797737
  4.83577208  3.12058056  4.25932754  3.47742393  4.93208718  5.54961972
  1.95267449  2.16559134 21.09461597  2.31604835  3.69248406  4.50529379
  1.78249959  1.38601309  0.76464594  1.37098962  0.24986325  5.67663294
  3.67756713  2.23131742  9.7939284   3.30732109  3.48362697  1.27055378
  1.29849234  7.82847363  1.24822948  2.29718331  0.38858081  1.35917015
  3.92814273  0.75939626  0.93938072  1.89268485  3.49144891 10.95327484
  7.12570565  2.82443828  5.57372005  1.87399144  3.64539202  1.93265688
  2.55870418  2.38697724  0.96939217  0.44475946  3.25906018  0.85277429
  1.56067699  0.4364799   3.44601565  3.62956456  0.64119118  3.10747077
  2.95034678  1.49569213  2.52298526  2.99074353  2.02541947  5.5540741
  4.25425654  1.8867528   0.75636544  8.07982062  6.28591867  8.359033
  0.96002872  0.79442604  0.94080163  1.37192017  1.73113668 10.23703991
  5.13442654  1.23600504  3.39698698  1.3578454   1.60796659  2.60569417
  0.51131307  0.48932823  1.55889282  1.56074575  2.9368897   4.87584767
  2.47611012  4.61097075  4.25971109  2.94429797  4.97760882  3.91353304
  4.44014256  3.37386555]"
DecisionTree,{'max_depth': 20},"[3.56125821e+00 1.92184288e+00 5.09083322e+00 9.35791754e+00
 3.38844189e+00 1.25682291e+00 1.97281566e+00 1.07099315e+00
 2.96112400e+00 9.40495656e+00 9.12935771e+00 1.12054115e+00
 8.63003369e-01 1.43774839e-01 7.65601697e-01 1.29800294e+01
 1.01087327e+00 2.75188924e+00 8.69911994e+00 2.54927861e+00
 1.58686812e+00 1.34020499e+00 1.63058960e+00 4.51022221e+00
 1.55187769e+00 4.35995139e+00 1.50888957e+00 1.75520765e+00
 4.18907566e-01 6.32301120e+00 8.02418898e+00 2.27273514e-01
 8.32102491e-01 1.12695389e+00 2.90087510e+00 3.82781045e+00
 5.22103062e+00 3.61568155e-02 5.49224241e+00 7.20351073e+00
 2.02280793e+00 3.23838423e+00 1.79239985e+00 8.69544008e+00
 4.46460053e-01 1.67129802e+00 1.43629127e+00 1.90705095e+00
 1.55642000e+00 3.07027464e+00 1.52338186e+00 2.27260837e+00
 2.97017696e+00 3.15275531e+00 5.54486169e+00 2.48696487e+00
 8.32048184e+00 1.63034486e+00 9.80327310e+00 1.07248064e+00
 1.30204074e+00 1.10533626e+00 3.13217728e+00 2.76213722e+00
 2.58310209e+00 9.11798340e+00 1.48377263e+00 6.43305124e-01
 1.28916923e+00 1.66947040e-01 2.49650697e+01 6.73143978e+00
 1.72739546e+00 6.26546872e+00 2.99312247e+00 1.29164255e+01
 1.55195651e+00 2.48600760e+00 2.42873328e+01 9.21431195e-01
 5.26338559e-01 3.07101068e+00 2.07028439e+00 4.93861314e+00
 7.32799303e-01 1.17919321e+00 1.23953988e+01 2.87263067e+00
 1.99438208e+00 2.08835686e+00 9.54314027e+00 1.76665313e+00
 8.13451223e-01 1.67103465e+00 5.81514408e+00 2.40032956e-02
 7.84963269e-01 4.23760517e+00 7.98381845e-01 6.65106899e+00
 9.93571170e-01 8.05302067e+00 2.81298735e+00 1.42564542e+00
 6.42542052e-01 2.75844790e+00 9.05919136e-01 1.63584533e+01
 2.21892748e+00 3.92605749e+00 5.74703999e+00 7.18274694e+00
 3.46106897e-01 1.44863756e+00 2.19172574e+00 2.87824709e+00
 1.71446988e+00 6.33106592e+00 4.77174482e+00 1.61375573e+00
 1.12066644e+00 6.51406264e-01 1.60093664e+00 1.43353763e+00
 1.82341141e+00 3.83371141e+00 1.71138347e+00 9.18327923e-01
 2.85840065e+00 1.53091361e+00 1.27200961e+00 1.55596221e+00
 6.08043223e+00 3.75717867e-01 2.03842868e+00 1.84638317e+00
 1.36701659e+00 1.01295372e+00 5.22085356e-01 5.51150581e+00
 8.12861945e-01 1.14665995e+00 1.12152746e+00 4.69046344e+00
 2.12571567e+00 1.23660260e+01 2.35113965e+00 5.12792458e-01
 9.49914955e-02 1.28260511e+00 1.81069755e+00 2.72197241e+00
 3.32104736e+00 3.58389327e+00 1.64727233e+00 1.51086776e+00
 2.45653515e-01 5.08276700e+00 1.52443443e+00 4.67785285e-01
 1.65986864e+00 5.20749140e-01 4.70381767e+00 1.53453457e+00
 3.46904961e+00 4.93192330e+00 3.53064692e+00 1.74030794e+00
 4.34525871e+00 2.83930900e+00 9.59879635e-01 3.59215641e+00
 2.03575477e+00 1.34134067e+01 1.60306667e+00 6.60159946e+00
 2.50813354e+00 4.63356733e+00 8.30205628e-01 1.96450373e+00
 3.36455702e+00 8.34541996e-01 8.24560680e-01 1.87219676e+00
 3.05650967e+00 1.63740634e+00 2.37553443e+00 4.13822666e-01
 1.04724258e+01 4.14831999e+00 1.18756421e-01 2.03951508e+00
 2.32492951e+00 2.81848688e+00 1.08327644e+00 9.11307155e-01
 1.38117029e+00 1.29661254e+00 2.30072148e+00 1.06749607e+00
 3.36971637e+00 1.65234818e+00 8.74276464e-01 1.04313200e+01
 6.94341260e+00 3.19943966e+00 5.81832172e+00 1.29350842e-02
 2.63932972e+00 1.41362847e+00 1.77404543e+00 9.26497128e-01
 2.57222721e+00 6.97485607e-01 1.56800289e+00 2.54643946e+00
 3.92075689e+00 2.35777663e+00 2.65423504e+00 3.17174692e+00
 1.20943225e+01 7.08855630e+00 2.23238489e+00 8.44206611e-01
 1.17137410e+00 1.80183377e+00 2.05806539e+00 4.15194146e+00
 5.96210335e+00 2.71940954e+00 2.42473040e+00 3.51183234e+00
 3.68277443e+00 4.94089075e+00 1.42473064e+00 1.78178444e+00
 2.31017161e+01 2.59883305e+00 2.36771415e+00 3.97625386e+00
 1.70931007e+00 1.37048342e+00 1.23062288e+00 1.31998801e+00
 5.97081168e-01 6.15202225e+00 4.68307870e+00 2.97876767e+00
 1.14474761e+01 4.26544801e+00 1.87356484e+00 1.07385383e+00
 1.21833413e+00 6.09983284e+00 8.85161532e-01 1.20764252e+00
 1.15052883e+00 1.13975801e+00 3.93457254e+00 3.36321817e-01
 1.29593512e+00 1.61810897e+00 2.87701320e+00 1.05868236e+01
 8.00790171e+00 3.20068121e+00 5.26019448e+00 1.91612094e+00
 3.31160691e+00 2.10084688e+00 3.14636812e+00 3.50899913e+00
 2.29754317e+00 1.06651245e-01 3.38932017e+00 1.38086377e+00
 1.57741078e+00 2.77193727e+00 9.10188168e-01 3.12030469e+00
 4.95583461e+00 2.60826295e+00 2.13347180e+00 1.95987603e+00
 1.60424982e+00 3.22738156e+00 4.53178601e-01 5.48199413e+00
 4.14043316e+00 1.77725433e+00 5.38099227e-01 1.69061820e+02
 5.53732058e+00 9.14119818e+00 8.07076500e-01 1.55363201e+00
 2.89002384e+00 1.49580034e+00 1.30310581e+00 9.97228091e+00
 5.62703678e+00 1.42894985e+00 1.98332570e-01 1.62272528e-01
 7.95948725e-01 3.17222690e+00 1.11580654e+00 1.91058131e+00
 1.86925272e+00 2.42625674e+00 1.36223759e+00 5.87244404e+00
 2.03500648e+00 1.39508992e+01 4.18005408e+00 4.18383089e+00
 4.93238452e+00 4.19104290e+00 4.72230470e+00 2.77915954e+00]"
DecisionTree,{'max_depth': 30},"[3.65335442e+00 1.32984220e+00 5.26500441e+00 6.13219505e+00
 8.93177957e+00 3.14414103e+00 2.24118616e+00 2.77326542e-01
 3.08323587e+00 9.44379673e+00 9.65244357e+00 2.96330486e+00
 1.15446682e+00 1.43774839e-01 6.92836269e-01 9.34374562e+00
 1.40261221e+00 3.30001326e+00 8.60679943e+00 4.63977596e+00
 1.60180961e+00 1.46410879e+00 1.87564938e+00 4.65124324e+00
 1.79139881e+00 2.76511586e+00 8.04947459e-01 2.48949416e+00
 2.61891884e-01 6.33588087e+00 7.70661916e+00 1.21703633e-01
 8.96752915e-01 1.45309654e+00 3.33684075e+00 6.43518618e+00
 4.93632449e+00 9.38317955e-01 6.94018470e+00 7.37309111e+00
 2.91308512e+00 2.24945104e+00 2.21429201e+00 8.31327451e+00
 5.26237587e-01 2.03064689e+00 6.24978606e-01 8.31923268e-01
 1.55581819e+00 4.57311115e+00 1.66910027e+00 2.46722612e+00
 2.59411024e+00 3.19154481e+00 5.44153630e+00 2.44557734e+00
 8.16714181e+00 1.56119221e+00 1.22806192e+01 2.29561225e-01
 1.67249067e+00 4.08095434e-01 2.04186240e+00 7.07481053e+00
 8.79810215e+00 9.91835271e+00 1.49222703e+00 1.26386756e+00
 1.12898844e+00 1.25246770e-01 7.61705855e+00 2.21093070e+00
 1.64699641e+00 3.93986775e+00 2.74754532e+00 1.29164255e+01
 8.17534365e-01 2.19689312e+00 2.72619516e+01 1.28063665e-02
 2.03851418e+00 5.48872838e+00 5.33029279e+00 5.50168798e+00
 1.99677231e+00 4.27996096e+00 1.23647684e+01 3.43888300e+00
 1.88882221e+00 4.08153109e+00 1.17367685e+01 2.61661418e+00
 1.25755159e+00 1.65295347e+00 5.75361952e+00 1.15908974e+01
 9.41079144e-01 7.25142632e+00 2.69287925e-01 1.17787571e+01
 9.08049464e+00 1.16092870e+01 1.54014177e-02 1.24214359e+00
 1.01445335e+00 1.25304206e+00 1.38672334e+00 1.63086707e+01
 2.27833120e+00 3.39203449e+00 5.59519126e+00 6.94357034e+00
 1.46809270e-01 2.09013380e+00 2.58112146e+00 1.77122007e+00
 3.08626573e+00 4.86769449e+00 2.18002225e+00 3.48802706e+00
 1.01728645e+00 1.46829160e+00 2.18771807e+00 7.80796085e-01
 2.00672393e+00 6.85675308e+00 2.56556415e+00 7.86646203e-01
 3.99615856e+00 1.76458488e+00 1.09310374e+00 1.50221155e+00
 6.08043223e+00 1.45750879e-01 4.92571303e+00 1.30473301e+00
 2.26360659e+00 1.69223486e-02 2.04980030e+00 5.57026828e+00
 6.46373800e+00 1.60337981e+00 5.44983840e+00 7.36191236e+00
 2.11145037e+00 1.59374211e+01 6.78315701e+00 4.01371364e-01
 2.23451312e+00 1.06162528e+00 2.98787850e+00 3.09190659e+00
 5.51089035e+00 2.97040245e+00 1.65931298e+00 1.93935800e+00
 4.64807993e-01 4.38862342e+00 1.47350273e+00 6.69212877e-01
 2.00324235e+00 1.68019608e-01 6.66633581e+00 5.50273155e-01
 7.11311498e+00 4.90398720e+00 3.94084157e+00 1.86657231e+00
 2.77515014e+00 4.67614049e+00 8.54440505e-01 3.54999822e+00
 2.93507601e+00 1.32856643e+01 1.59359429e+00 9.54586085e+00
 2.23942425e+00 3.62910590e+00 1.20250293e+00 4.13882489e-01
 2.75887772e+00 7.90107837e-01 1.86573949e+00 2.08132642e+00
 2.87137713e+00 2.42134890e+00 2.98407613e+00 5.41116887e-01
 1.05278445e+01 4.29685031e+00 1.19019421e+00 1.61500677e+00
 8.21607974e+00 2.21758945e+00 6.02213150e+00 9.03810585e-01
 2.64697955e+00 8.93236793e-01 1.08917829e+00 1.18348786e+00
 4.38327613e+00 1.79312383e+00 8.27352785e-01 1.05449652e+01
 6.33159231e+00 2.68509547e+00 6.72274037e+00 3.01929428e-03
 2.59941886e+00 1.28286714e+00 1.73511276e+00 4.63827431e-01
 4.12278128e+00 7.90795400e-01 2.14377225e+00 1.87145155e+00
 3.68888423e+00 2.25752174e+00 2.93506940e-01 3.06698636e+00
 1.36156279e+01 4.84248508e+00 2.52258676e+00 7.92963357e-01
 2.77138710e+00 1.78700552e+00 1.50229298e+00 1.62135359e+00
 4.11413162e+00 2.71819608e+00 1.84816084e+00 4.00287589e+00
 3.66037659e+00 4.46414849e+00 9.37972814e-01 2.44470093e+00
 2.27654785e+01 1.62552200e+00 2.32776276e+00 3.53294200e+00
 1.87634832e+00 1.19915805e+00 4.79409029e+00 1.62869847e+00
 8.91399877e-01 5.07318166e+00 4.52879805e+00 3.04215281e+00
 5.66687817e-02 5.89453717e+00 1.59087595e+00 2.32533097e-01
 2.63057393e+00 5.57736080e+00 9.90190261e-01 1.64550002e+00
 4.51196769e+00 9.47498533e-01 3.41401150e+00 6.44903270e-01
 1.29491548e+00 1.49777532e+00 8.76513278e+00 8.25623840e+00
 9.13235934e+00 2.87752296e+00 6.78292028e+00 1.84607143e+00
 2.59818804e+00 2.37918799e+00 5.03161937e+00 4.04100593e+00
 4.93049887e+00 1.78190072e+00 3.14363681e+00 1.41120689e+00
 1.67700220e+00 2.76539870e+00 2.59136659e-01 8.87367646e+00
 1.80031033e+00 4.15229119e+00 3.71064804e+00 1.66952691e+00
 2.12997928e+00 3.51695513e+00 2.33779412e-01 5.57415312e+00
 4.21460242e+00 1.87689138e+00 4.90364619e-01 2.84350559e+00
 4.09571846e+00 3.57843072e-01 7.24736992e-01 2.57408623e+00
 1.92835935e+00 6.26929884e-01 1.03843492e+00 1.02629296e+01
 3.94293252e+00 1.86827935e-01 8.40177566e-01 2.43823867e-01
 1.88900205e+00 5.41671328e+00 2.58291860e+00 2.78081159e+00
 2.62666653e+00 1.78865901e-02 3.02110922e-01 7.21673884e+00
 1.59750266e+00 2.69133914e+01 4.27000665e+00 4.07275563e+00
 4.94164649e+00 3.98385970e+00 8.52556851e+00 5.71758608e+00]"
RandomForest,"{'n_estimators': 10, 'max_depth': 10}","[ 3.27208608  1.44790853  4.78314292  8.71808565  2.65166797  0.47149836
  1.8627842   1.2062502   2.33963943  8.29423801 10.58640275  2.80641089
  1.73528837 10.28964248  1.45358238 10.36123221  1.4337772   5.42339857
  8.61484163  1.52219508  2.6281649   1.17804655  2.12974262  4.0488843
  1.57714941  3.35044305  1.35870027  2.92544039  1.85546964  6.14358084
  8.30533796  0.37696181  1.78949583  2.27723974  2.65461552  4.5393971
  5.183899    1.22254561  5.15314419  4.6673036   2.31543011  3.7844025
  1.55908778  8.50821914  0.79418211  3.9088018   0.70474411  2.09951789
  3.75322255  3.01919939  1.79680713  2.08652575  2.39902244  2.85579047
  5.44762551  2.24351318  8.3259871   2.03360848  6.45477423  0.25188558
  0.79641808  1.4976779   3.48649277  2.59240348  3.01496481  8.49821938
  1.80232283  1.15267281  1.38287472  0.42131079  0.64003391  8.162382
  1.61658747  5.28176205  2.36410358  1.21121831  1.20211441  2.60537369
 21.74487912  1.03518993  0.71718504  1.74077372  2.09633385  5.12592731
  1.3160348   3.16522724 12.57462155  2.52985052  2.21257887  3.0235607
  8.75601691  2.45177462  1.4986987   2.06030449  5.32779472  8.18014867
  1.28721699  3.835419    1.39552703  0.79937088  3.01283341  5.86913685
  5.65260304  2.43114145  0.9754617   3.33586489  0.95708836 16.67910065
  2.1972521   2.60671468  7.50252001  6.41957726  1.09320875  1.68668517
  5.64266502  3.00309942  0.84089398  6.05035459  4.22425351  2.59218278
  1.11410254  1.82377231  0.77611476  1.8170194   1.65168558  1.92035433
  2.42179622  1.23482829  4.98259968  1.2938081   2.64712077  2.67031502
 11.72998922  1.09151617  4.6578751   2.26195783  1.83042341  0.84501517
  1.19180419  5.81907426  4.6132417   0.8725258   1.89858726  4.07837012
  1.92554801 15.67933237  1.81593437  0.26840474  0.7728251   1.97410002
  1.28605728  2.72850312  3.19549735  3.88049399  2.07373476  0.97905837
  0.23901     3.87943502  1.69454258  0.39136367  0.73013796  1.16030588
  4.62976511  1.86809815  3.03489634  4.98522877  4.02190802  1.61678648
  3.98492788  3.41646703  1.25233016  3.08658895  1.9470985  13.72378611
  1.59882924  8.65228938  2.44639564  2.38292533  0.70503118  2.04846187
  3.79554954  0.82035722  1.97371888  1.74900767  3.1028003   1.78376931
  2.91721552  0.72829571 10.4792644   3.50688089  0.80915839  1.70120618
  2.73202017  1.6176049   0.51410241  0.76255674  1.98280232  1.006241
  2.29579512  1.61396273  1.39047658  2.30550697  1.99651126 11.30470598
  6.95280655  4.46224118  5.80535655  5.55509601  2.74996316  1.7126599
  1.47982433  0.91238459  3.54178029  0.32653425  1.80559992  3.2231364
  3.17166117  3.12308986  2.0941018   3.58196833 10.88835678  3.98903503
  2.01674599  1.17975473  1.35047873  2.15761228  3.30550086  3.49815142
  4.80842732  2.95243964  3.76878829  3.48154409  4.84100464  5.5960398
  1.88717604  2.26613444 21.5822195   2.22860298  3.59463394  5.09860381
  1.60938495  1.37074889  1.44606067  1.38080394  0.15688732  5.83078528
  3.67311894  2.32793625 10.04965461  3.93235378  3.28996112  1.23090896
  1.38416444  7.59546449  1.27754704  2.10600008  0.43365164  1.44130091
  3.83971587  0.60418438  0.94789477  1.84101649  3.56871486 10.90942506
  7.34684029  2.82745421  5.83449502  1.91090572  3.64405348  2.37642097
  2.51089921  2.19034202  1.10385192  0.63064467  3.29723982  0.76549254
  1.53618684  0.41793985  3.18212772  3.95899444  1.01005802  2.46898222
  2.52454703  1.47595422  2.43860492  2.89384607  1.98777317  5.55763116
  4.13699207  1.91737156  0.90831     7.65569505  6.23671102  8.39302162
  0.96999418  0.86969226  1.03991851  1.35404451  1.9637892  10.31630225
  5.15419365  1.23610865  2.76347523  0.3626162   1.70938472  2.50011719
  0.49711567  1.21032754  1.54130108  1.56749646  3.09890358  4.85248836
  2.30193482  4.06128301  4.2238768   3.43047403  5.01326991  4.25032001
  4.45670157  3.33087544]"
RandomForest,"{'n_estimators': 10, 'max_depth': 15}","[ 3.39622028  1.74914784  4.91623826  8.9440356   2.12134022  1.20975088
  1.88053762  1.05808032  2.89235885  9.3373552  10.64306087  1.94428502
  1.87032396  8.68887548  0.85246817 11.99654061  0.85601001  2.61300432
  8.54039647  2.24877222  1.64324372  1.93479795  1.44163825  4.27111258
  1.44061495  3.40181329  1.32997774  2.04866985  0.67949028  6.17753431
  8.23271825  0.17803971  1.311263    2.07149235  2.58011034  4.04103819
  5.5260488   0.70675409  5.09903596  5.74072731  2.12416227  3.77446632
  1.55906343  8.50064584  0.33887421  1.53234066  1.31385623  1.36770314
  3.2902868   3.09102998  1.70754533  2.18132112  2.77767865  3.17217948
  5.36712139  2.27892819  8.33121424  1.7814727   8.5587746   0.7414741
  1.41441651  3.09500866  3.06160081  1.95374181  2.49635631  8.22673204
  1.59025812  1.63178889  1.16070497  0.20771238  0.81082305  7.00930383
  1.56866384  5.74859909  1.00827328  1.85180754  1.54384046  2.34962917
 22.34531372  1.05894785  0.467272    1.96674722  1.50004312  4.8053933
  0.91193737  2.36152349 12.44480863  2.73167356  2.19865841  2.20400864
  7.39990703  1.91438924  6.11554309  1.47964849  5.99651493  5.0178414
  0.82331302  4.07470786  1.1738988   0.77696211  1.89491016  6.07387305
  6.27624375  1.50930278  0.63810578  2.84729194  0.90815799 16.49176121
  2.18777995  3.00340395  6.62559365  7.48116983  0.77817947  1.42330207
  4.70604407  2.74373807  1.08081866  5.71779653  4.38903196  2.32904135
  1.13294108  0.820224    0.79060472  1.56466901  1.61455624  2.07056673
  2.05677271  0.91083859  3.62685661  1.93173567  1.25915211  1.33911045
 11.88149986  0.7969582   3.61360638  2.03274384  1.66969822  1.03206131
  0.94597863  5.85882371  6.08703598  1.11488596  1.74841022  4.59811201
  2.48054552 14.56087987  2.2948188   0.51154432  0.52668946  1.20638085
  1.84989189  2.39687433  3.01265275  3.08548121  1.60346387  0.85588324
  0.22646056  4.73048351  1.54086222  0.2013084   0.25105025  0.54815082
  5.45386824  0.83212384  3.47268105  5.17984177  4.07069334  2.07617399
  4.11935408  3.22037371  0.88717151  3.09143438  2.09375343 13.56449636
  1.26641839  8.15140016  2.54512887  2.35422741  1.25815625  1.99240345
  3.70038137  0.77390024  1.23346054  1.81893299  3.07196159  2.08505913
  2.25580075  1.27066894 10.51289223  3.71279001  1.19522997  1.54806669
  2.74379202  1.80781006  0.87023503  0.72787979  2.15356344  0.84955588
  2.26052817  1.40706359  2.09711088  2.40312554  1.58635807 10.5042394
  6.51022387  3.68655171  5.83359387  3.93338985  2.88196031  1.26107334
  1.70950768  0.9912012   3.18308335  0.57189364  1.68267916  3.64270604
  3.74979213  2.74155937  2.13101991  3.21020388 11.40042793  8.9190497
  1.97454984  0.71165719  1.07190392  1.97581977  2.33638242  4.93854373
  5.52783418  2.87339262  1.74620716  3.59540996  3.92514122  5.05768968
  1.7878124   2.37189969 23.06477822  2.52463487  2.60701642  4.22786127
  1.75157413  1.29701075  0.48805826  1.45704669  0.51982125  5.53706334
  3.89813655  2.74514312 11.46966481  4.26019453  2.25865627  0.94007478
  1.12445294  6.78420844  1.06882859  1.11515757  0.53633495  1.24765182
  3.49271045  0.326302    1.1003322   1.59759212  3.27020795 10.70064387
  7.77187997  2.94831442  4.60393656  1.68180752  3.47602948  2.54032252
  2.2316349   3.20744914  1.0591697   0.22224374  3.51018502  1.14847205
  1.59208913  0.93917079  2.18926129  3.91552786  0.61282688  2.88372839
  2.70688784  1.68571187  1.70459107  2.91986746  1.96228137  5.47726697
  4.22596684  1.7157301   0.66948864 18.03812816  6.12657681  8.92192025
  1.05353972  1.47029121  1.84432962  1.51420949  1.74237304 10.19870143
  3.59672301  1.10805155  0.59803369  0.68884475  2.51154789  3.08130764
  0.92420634  2.07587892  1.68212558  2.08017227  3.14367121  5.67840173
  2.98815473 22.93452446  4.17690375  4.61191673  5.08563007  4.6457172
  3.8923843   3.27686306]"
RandomForest,"{'n_estimators': 10, 'max_depth': 20}","[ 3.65660724  1.82369731  5.12006541  8.64234529  2.5934143   2.03774045
  2.04370999  1.10904251  3.00398568  9.19987188 10.30072083  1.76285984
  1.3573793   8.75573051  0.72788006  9.23062389  1.22335501  0.89082951
  8.5917298   1.4547232   1.55187438  2.60100858  1.42027847  4.80818046
  1.32608429  3.15224577  1.31965189  1.74295894  0.39336819  6.2840081
  8.00499574  0.27165675  0.99693481  1.42009209  3.06153525  4.02828558
  5.07547301  0.27310122  4.91068072  7.19653622  2.18934344  3.78232363
  1.69740052  8.69588289  0.45846523  1.87422334  1.59361104  1.12642753
  2.30818236  3.11746408  1.62797823  2.39032468  2.67962296  3.02479334
  5.41195128  2.59734922  8.46446209  1.54553631  8.87860943  0.98053534
  1.43629472  0.69600066  2.87346045  1.52546365  1.12536134  8.70415695
  1.64950951  0.3212134   1.20483789  0.16686501  0.28262224  6.48836563
  1.61889901  5.75900763  1.0407683   2.77303594  1.20358892  2.22987607
 23.76022784  0.55959395  0.25013122  1.87671356  1.42471321  4.24229061
  0.77509138  1.32768073 12.21973264  2.78182087  2.10098873  2.34921656
  6.10984145  1.68742721  5.71720825  2.24367294  5.87115225  4.027954
  0.83647245  4.20677978  0.73256921  0.85559714  1.28751869  6.63221473
  5.89418887  1.00958117  1.08461453  1.96990512  1.89584917 16.15737819
  1.99798438  3.27186967  5.4723476   8.20023322  0.43428076  1.21163009
  7.19471077  2.18892742  1.62096057  4.85773769  4.09843833  1.98818612
  0.76461851  0.4083425   1.62534526  1.42015631  1.97121244  7.10834424
  1.74466877  1.05937607  5.47397623  2.37120694  1.32488168  1.62930911
  2.55173052  0.67269202  2.77638063  1.89307329  1.48851158  1.45279669
  1.51443399  5.84643968  4.91166628  1.21217731  1.1714069   5.10724273
  2.1301559  13.08968863  2.29862752  0.45028353  0.48869216  1.16173182
  1.99236008  2.81820498  3.50404659  3.60128424  1.60911199  1.24801347
  0.19025343  4.85207455  1.5677015   0.64329963  0.93688466  0.32419957
  5.44675802  0.76019356  3.61862664  4.94213666  3.63506832  2.1478726
  4.34832592  3.56512807  0.9538082   2.95517935  1.77862763 13.55318431
  1.40074025  7.59973472  2.2911017   2.3756918   0.90431327  1.98861279
  3.52341037  0.75984976  0.93659409  1.76616024  3.09965356  1.7996795
  2.40320942  0.38370969 10.55141711  3.88092537  0.57434334  1.53969066
  2.50886831  2.20094555  0.93527709  0.88050261  2.16778917  0.82075329
  2.03904793  1.02783859  1.56028878  1.50981054  1.20228557 10.39880476
  6.61605722  3.13405177  5.79128816  1.47653632  3.0602251   1.36967819
  1.66010435  0.97223988  3.3229285   0.74115727  1.60772857  2.35319947
  3.7980394   2.39684134  2.32855451  3.17735491 12.13850868  5.13367011
  2.35098202  0.76679705  1.53632588  1.91578236  3.9483817   5.2771024
  5.39427092  2.72256538  1.59638475  3.65180477  3.70155072  4.74502177
  1.42350108  2.24500616 22.77099989  2.58447375  2.32222341  3.63621975
  1.76045022  1.31056041  0.17345353  0.57732111  0.52042824  6.25559115
  3.90725358  2.8608175   8.98570289  4.20904024  1.86215279  0.61416533
  1.30007923  6.09396412  0.97823716  1.27640207  1.68212037  1.3794094
  2.96888549  0.32932077  0.95103877  1.94934839  3.16378486 10.93938948
  7.90179439  3.06482378  6.13080763  2.02198273  3.49622031  1.87411752
  2.04340559  4.79734959  2.45765792  0.12024362  3.35423155  1.47687732
  1.57443779  0.64464159  1.32682028  3.05505328  2.24080998  2.82704206
  2.46911362  1.80932164  1.52195162  2.68543661  1.68428264  5.59103159
  4.15186567  1.67079109  0.57488299 21.33253745  6.6269508   7.82979677
  0.71561741  1.20258674  1.10296819  1.49244643  1.34221168  9.27594599
  5.18355213  0.68473841  0.57061995  0.42526278  0.13782672  2.29343381
  3.09158883  1.69288298  2.26634487  1.7080551   2.37232936  6.3925427
  3.54232414  7.44907958  4.26885541  5.96200743  4.93615446  4.18386765
  3.62017594  2.60498382]"
RandomForest,"{'n_estimators': 50, 'max_depth': 10}","[ 3.27127791  1.37772857  4.77686203  8.65345167  2.58737006  0.45848992
  1.82040154  1.20282401  2.53690642  8.33827719 10.57727679  2.76075057
  1.73574683  9.63814262  1.61098694 10.81166395  1.40722417  5.54871697
  8.57843582  1.47240877  2.58190821  1.27936573  2.29913139  4.04985082
  1.82286327  3.31342141  1.37974365  2.8796126   2.01738593  6.16218905
  8.34938164  0.39965837  1.68458794  2.25314629  2.61299727  4.46036552
  5.32455744  1.13916686  5.11779208  4.72405941  2.03407204  3.73568013
  1.59015057  8.33500375  0.75119741  3.95402848  0.96468353  2.06049466
  3.69876591  3.17242777  1.805698    2.19693187  2.52657688  2.84547892
  5.41287817  2.17599466  8.34666607  1.93018687  6.72212225  0.07854402
  0.74938468  1.92027668  3.44849316  2.49653656  3.02239647  8.27169545
  1.83856993  1.15306881  1.12212425  0.44753031  0.68654737  8.52322396
  1.58017254  5.36163251  2.35017098  1.18635383  1.41971586  2.56212413
 21.96734245  1.00042157  0.64094041  1.74978822  2.03361401  5.11298589
  1.46612813  3.20192152 12.66843764  2.49940877  2.36951552  2.98789527
  9.14278611  2.40381521  1.77721567  1.98358553  5.29941049  8.20975945
  1.38932376  3.75707611  1.41399549  0.81945502  3.13648475  5.96434066
  5.58796852  2.11367928  0.92491375  3.31210821  1.11530089 16.42057646
  2.20988046  2.67450956  7.79630238  6.74571605  1.09900401  1.69679968
  5.68125945  2.99489492  0.78823459  5.99471684  4.27022481  2.54210703
  1.0580961   1.92057063  0.74723939  1.81719535  1.64243602  2.00558422
  2.43329774  1.25118368  4.74162184  1.43868402  2.46466711  2.5544572
 11.44634987  1.00669209  4.63455719  2.21438344  1.80898432  0.78960218
  1.16643009  5.85409751  4.3628078   0.97119261  1.93914434  4.04559629
  1.93300193 15.60860949  1.67427568  0.32311135  0.89181901  2.09665039
  1.36502461  2.67355701  3.13434915  3.94259776  2.09984316  1.01510693
  0.25245084  3.80475519  1.61678535  0.40267294  0.58757145  1.1147244
  4.57911011  1.91749956  3.22327826  5.04816911  3.9861622   1.54947954
  4.22346795  3.58584165  1.45498964  3.09671072  2.17846841 13.74518288
  1.58099236  8.50667856  2.471684    2.34943373  0.73445245  2.01987559
  3.80122528  0.80542631  1.81574387  1.69169369  3.09103483  2.09695066
  2.83983893  0.75625593 10.49217039  3.57937413  0.74290704  1.71196725
  2.59038825  1.60096847  0.53784038  0.7424233   1.96640846  1.02010747
  2.31643799  1.77701309  1.71803838  2.60060481  1.93203584 11.07389513
  6.88345707  4.5444303   5.78221996  5.46444709  2.77885843  1.4325435
  1.59164213  0.92826201  3.32275858  0.21593212  1.82664977  3.22809143
  3.25284844  3.09891454  2.11110074  3.55102477 10.92509391  4.11479676
  1.76641612  0.96777683  1.14663411  2.18288375  3.23237301  3.884999
  4.81626638  2.83483689  3.83534185  3.5116045   4.79450527  5.67896488
  1.88858859  2.26157444 21.43799922  2.21979505  3.54664683  5.11240987
  1.64084023  1.39221883  1.22726274  1.5870654   0.06260089  5.73304623
  3.6530476   2.37588964  9.9267929   3.6707543   3.11902785  1.23642896
  1.39646363  7.60148496  1.35730618  1.95519827  0.39243042  1.38968126
  3.82916769  0.56378195  0.92742228  1.75780218  3.57100933 10.91454315
  7.32800257  2.85476762  5.87226681  1.90634029  3.65894662  2.2635791
  2.56816767  2.39417034  1.01068064  0.65884163  3.2918612   0.6520432
  1.45526563  0.41263773  3.25490657  3.84925462  1.05186958  2.34960334
  2.63539737  1.43488014  2.42577739  2.97709353  1.99496985  5.54072013
  4.21942939  2.00190479  0.88436687  7.78952398  5.99292968  8.41350734
  1.01861764  0.87192886  0.97067994  1.36504315  1.80438602 10.31649683
  4.91709076  1.45848519  2.37700196  0.4688397   1.83044824  2.53098275
  0.43211621  1.19812173  1.51915769  1.53111979  3.20252579  4.88784641
  2.34372516  4.28854732  4.24817403  3.66725384  4.97834692  4.10697894
  4.31019149  3.42861957]"
RandomForest,"{'n_estimators': 50, 'max_depth': 15}","[ 3.44442015  1.67373813  4.96345462  8.87823848  1.95137263  0.98553151
  1.84125041  1.14810129  2.89377439  9.22658764 10.48032124  1.83798092
  1.55546868 10.09923871  0.8510481  11.85248224  0.9018332   2.51364395
  8.55446577  2.08974829  1.63305195  1.65092728  1.46015188  4.35091558
  1.47110761  3.21282932  1.41236065  1.85050504  0.6122589   6.20362547
  8.23620944  0.19598688  1.27152005  1.69329503  2.875511    4.13418186
  5.36572918  0.67050807  5.05675751  5.83078655  1.99491864  3.81793529
  1.59274191  8.41442496  0.36563201  1.86018732  1.23976185  1.23732092
  3.51324677  2.80807951  1.687325    2.26821904  2.79227581  3.14748065
  5.37672508  2.32265012  8.29997242  1.5900128   9.90019323  0.61219376
  1.33956863  2.97085983  3.09530916  1.97164913  2.4933174   8.31782055
  1.60208619  1.81810662  1.16909348  0.21481722  0.74412179  7.18842976
  1.58049938  5.75212634  1.08097651  1.47907952  1.52384211  2.43168073
 22.37980028  0.44886083  0.34929812  1.86399054  1.54990403  4.81206508
  0.88815783  2.17848245 12.41021204  2.80747195  2.18357845  2.16259558
  7.58492829  1.79499849  1.5771678   1.58327321  5.98635783  3.4211952
  0.82881345  3.74661019  1.2253959   0.99832189  1.89229835  6.02635669
  6.14987386  1.56724429  0.69184599  2.94580708  0.97399993 16.35843721
  2.22784682  2.94538723  6.57109903  7.0804901   0.85878357  1.49587174
  4.72888231  2.65274647  1.14789092  5.83431038  4.49359466  2.3810064
  1.07302612  0.88795721  0.93642021  1.58441835  1.67046238  2.53891697
  2.06632308  0.89556651  3.39554685  2.03735654  1.29636158  1.48669035
 10.53448255  0.79124863  3.39119374  2.05716266  1.66601438  0.89994355
  0.65954813  5.65465282  5.74700002  1.12702662  2.11067278  4.92690388
  2.49164178 14.11628679  2.33047692  0.49937228  0.75543278  1.19012473
  1.5043101   2.74028148  3.17956082  3.34447001  1.67113548  0.80266538
  0.19985834  4.59926974  1.55579271  0.19018343  0.20072719  0.30619865
  5.41353719  0.72781712  3.75263984  5.04621103  3.99947904  2.04541651
  4.17801673  3.37581797  1.01930494  3.03307689  1.98041726 13.55107851
  1.43424897  8.1494655   2.37492978  2.2840572   1.10567265  2.0584877
  3.7193784   0.73426077  1.5058001   1.76365368  3.07482067  2.18430552
  2.14837158  1.42484013 10.55438573  3.72732225  1.12702991  1.64793901
  2.75982666  1.89886873  0.93410338  0.76632355  2.22572085  0.93821304
  2.33303391  1.12632896  1.84947194  2.15909727  1.49973357 10.51469608
  6.54987479  3.87525121  5.8665885   3.86618682  3.00245066  1.28785303
  1.74645862  0.95367112  3.17473623  0.6329883   1.72728503  3.28251683
  3.70176072  2.66555794  2.03073023  3.21981779 11.15471536  4.63344893
  1.94932271  0.65844611  1.12783328  2.02861445  3.56133247  5.05034481
  5.31091563  2.93404261  1.90890143  3.60107384  3.92873902  5.10409833
  1.83816787  2.43737035 22.57515788  2.53095963  2.61821225  4.18713731
  1.74541686  1.2657472   0.37127501  1.52653651  0.46411514  5.70060757
  3.90563864  2.79959086 10.92144883  4.23100204  2.24286133  0.88380733
  1.27426006  6.48064401  1.048811    1.1073013   0.42482262  1.29482739
  3.39837939  0.3491714   1.09837157  1.58322396  3.24141287 10.33439808
  7.69556112  2.95481846  4.79908091  1.72323543  3.47967089  2.61183725
  2.21799089  1.75733485  1.14470219  0.17026783  3.45485585  1.21494239
  1.60387794  0.81651788  1.55121547  3.8233224   0.7536973   2.62376109
 14.6496743   1.70308799  1.74502977  2.92332501  2.01616144  5.40598721
  4.09835684  1.69579779  0.65724167 17.672499    6.09840735  8.65548593
  0.96188787  1.38120528  1.54068807  1.49014352  1.6229169  10.1931504
  3.68109646  1.08119515  0.32566828  0.31814249  2.28093124  2.19415258
  1.07050938  2.05550245  1.67681856  1.71500866  2.40976527  6.00521421
  2.58830035  5.18838376  4.16428208  4.52058689  5.11842166  4.69812477
  4.03551266  3.32094121]"
RandomForest,"{'n_estimators': 50, 'max_depth': 20}","[ 3.60788285  1.92152085  5.13004166  8.81521734  1.62232944  1.75986062
  2.01727823  1.15424501  2.864583    9.03457648 10.11026371  1.74779862
  1.37254368  7.72850812  0.71053913 12.66685094  1.09199689  2.26842229
  8.61310171  2.0192811   1.51935592  2.62186647  1.45176927  4.5871586
  1.54411199  3.49880812  1.24998568  1.46266381  0.39619755  6.15971715
  8.0707169   0.23814313  1.02893494  1.41860839  3.14422628  3.58881351
  5.19257349  0.39609303  5.25294497  6.52489562  1.99449347  2.94533493
  1.72178569  8.7382833   0.46769589  1.72433456  1.51842152  1.06718659
  2.31399076  3.16101798  1.6227781   2.36969693  2.65393703  3.05516188
  5.42510235  2.49793176  8.33267016  1.53568168 10.2751449   1.00949854
  1.4197871   1.52685632  2.97132598  1.38611137  2.18520328  8.75981277
  1.62945322  0.54916895  1.20823224  0.15004919  1.13597036  6.6714062
  1.59246285  5.90073593  0.81917289  3.09083977  1.00097229  2.5195844
 22.8515517   0.72647623  0.22066722  3.34559803  1.34618601  4.50022404
  0.71419404  1.12141233 12.10741237  2.76367963  2.11853483  1.72264782
  7.77986806  1.69826854  5.27283588  2.25586846  5.97470792  3.86402359
  0.81903041  3.86745121  0.9192323   2.17707557  1.17137796  6.7840646
  5.41561675  1.45384655  0.63652514  2.18560007  0.80079385 16.47581525
  1.8783445   3.19945312  5.20470209  6.65554442  0.43527145  1.4177713
  3.02874129  2.4343023   0.59655648  5.38426866  4.20403614  1.97691347
  0.89048035  1.03959785  1.70084335  1.41530603  1.79632847  3.05488303
  1.90858578  1.0000845   3.05013911  1.9597561   1.41333119  1.45828843
 10.33730563  0.47444427  2.71042537  1.79209939  5.09193191  1.03876862
  1.19279677  5.67417032  6.01476544  1.18343214  2.21395355  4.84792978
  2.09227473 13.03998852  2.200137    0.44151979  1.4261967   1.13714788
  1.03117141  2.69715789  3.62751232  3.35106032  1.52645564  1.26567008
  0.14411002  4.77968188  1.55381382  0.5482969   0.79447537  0.11162975
  4.58602309  0.82692424  4.19785984  4.92748805  2.39671623  2.40064611
  4.23734772  3.35681577  0.80577202  3.3647972   1.57321727 13.5094563
  1.69311346  6.8815073   3.23118033  1.90516967  0.66019663  1.43938623
  3.74974203  0.75397486  1.06689064  1.8722903   3.12221158  1.97175835
  2.39238473  0.43117245 10.55982753  3.85068145  0.61776969  1.57896756
  2.50788999  2.76561056  0.98368562  0.89279257  2.29155282  0.85412288
  1.9689675   1.07345305  1.70388784  1.93986203  1.11061426 10.43350994
  7.48045522  3.43193745  5.83573177  2.86566974  3.08734122  1.35040939
  1.66887491  1.09378286  3.72260168  0.75785586  1.6176827   1.9793194
  3.83230805  2.44240785  2.35129636  3.17143899 11.73713472  4.82583361
  2.50472845  0.81290641  1.45925078  1.78011461  3.21884667  5.63559664
  5.35020492  2.816113    1.91962531  3.6198237   3.73529067  4.85260747
  1.4425049   2.34870229 23.00194594  2.45926497  2.41364367  3.75452938
  1.72143928  1.26926686  0.42641888  1.6118833   0.56784022  6.37955737
  3.90808845  2.9301574  10.26601085  4.32545237  1.69972167  0.67210578
  1.29636606  6.23002683  0.97770661  1.06145047  0.47162141  1.2180191
  3.02986755  0.33478159  1.05874333  1.64289884  2.59072807 10.28538088
  8.74772699  3.12531817  4.2626604   1.8205617   3.41647619  2.11554895
  2.12791587  2.64116228  1.98022397  0.10613942  3.32817295  1.36521377
  1.56778054  1.26281495  1.44804533  3.15074041  1.52814599  2.76329179
 25.30837066  1.86735376  1.50895973  3.19297968  1.47900289  5.55192825
  4.03497853  1.7113258   0.60053875 52.617453    6.73212259  7.38207214
  0.79972658  1.30455014  1.89040064  1.46786662  1.37700237 10.18589575
  5.67562344  0.83823224  1.01521     0.23408037  0.84766379  2.13195914
  2.10914907  1.71044997  2.41828707  1.24620368  1.84925384  5.44766771
  2.56345067  4.3758682   4.25833852  4.82805775  5.22797009  4.14738511
  3.82015143  3.12248391]"
Ridge,{'alpha': 0.1},"[ 3.16922469  1.97427802  3.787836    9.37868918  2.90616926  1.3325896
  2.81697255  2.79584038  3.11894617 10.58527574 10.61434477  1.23667412
  1.73546218  4.33653428  0.81805414 11.54506194  1.10310524  4.25818278
  7.57410219  1.7662795   1.37406047  1.5014783   1.91112545  5.67305582
  1.10395031  4.18703928  1.49792835  1.25476708  1.33747134  6.51003759
 11.8544022   0.65624667  1.04000118  2.30691762  2.93675507  2.94884377
  5.34766048  1.18567061  2.79877288  5.22488724  2.02868102  2.96806178
  1.66137206  9.99531926  0.60460157  3.56718015  0.14528324  1.7243764
  3.57595747  4.18214694  2.6654327   1.76027142  1.99836748  3.3957082
  4.48987607  1.99010381  8.26493501  1.62793478  9.65338302  0.91580298
  2.16863021  1.4827559   3.55127374  3.90596991  1.54373828  9.97874314
  1.9760618   0.68647551  1.81368869  1.34051751  1.18803032  8.21463453
  0.93103773  5.51326717  1.51954879  0.94896033  0.66898051  1.68580725
 21.72189637  1.45000433  0.34212279  2.18805216  2.50984131  3.47243959
  0.78966259  2.8806059  12.97350807  2.45035561  1.78548749  3.19396317
  9.11191715  2.71420286  1.37894184  2.10687907  5.09443892  9.2317304
  1.19346053  4.4091948   0.89614422  1.35368823  2.26081387  6.28975744
  5.2092893   2.22136905  0.44204938  2.58976803  1.73776617 16.11296511
  1.47861705  2.84496509  7.33642475  9.67556966  0.61998755  0.84724295
  7.00449339  3.56948809  1.17739909  6.19544401  2.7399656   2.30196369
  1.27122841  1.23473893  1.62496168  1.73065684  2.0664148   2.8813903
  2.91273465  2.41023809  5.03091892  1.35315489  1.72035111  3.48714818
  6.11929894  1.99130606  3.25424299  2.16317393  1.10659912  0.50535844
  0.5711745   6.36703388  3.41418514  1.06346292  3.7464681   0.73929107
  1.88905484 16.00161834  2.56608299  1.35583315  1.65492007  1.71149553
  1.25514844  5.78225545  2.79612411  3.65429837  2.19592676  0.27984736
  2.12296103  4.59353942  2.41559001  1.48677587  0.28303346  1.31154049
  5.63252914  1.0297398   4.6951045   5.81532618  1.57521516  1.52644455
  3.90361165  4.29116427  2.76256254  3.57899355  1.53860668 13.60255132
  1.80387063  8.42279862  2.91258811  2.20529186  1.45438349  2.17877351
  4.0364834   0.83344117  1.60094924  0.71513315  3.379596    2.27700309
  2.85958843  1.16523609 10.35477101  3.43702626  0.3867924   1.77641944
  2.76320559  2.03691684  0.45565992  1.51107974  2.19937489  1.20851803
  2.23729124  1.75309109  1.83449292  1.71430959  1.65042762  9.91337397
  6.38263541  4.20845557  6.93793976  5.27574364  2.25318999  1.8819729
  1.16683835  0.74432134  2.69119936  0.5466579   2.58899148  2.41591073
  3.52775346  2.01596831  2.98522441  2.75107942 10.91931096  6.83422942
  2.86770806  0.79795913  2.97892136  2.58942193  3.00567154  3.04638586
  5.38920491  3.25813707  3.9984303   3.53090696  4.97041641  5.00238422
  2.10692226  3.18382668 22.33039224  1.35851572  3.76275287  3.8448534
  3.47120094  1.00426333  0.94974337  2.34496135  1.19232127  6.62450856
  4.41547262  2.37874504 10.66558165  4.2369391   2.57022782  0.42243135
  1.79914273  7.13299431  1.73192251  1.49079924  1.2066334   3.25059759
  4.1453905   1.0877507   1.13495112  1.99645006  3.38883283 10.07686752
  8.47760145  2.80514355  5.51360227  2.52461234  4.59989264  2.37684174
  2.22389487  2.74679977  2.34030748  1.1411249   3.46443915  0.16405245
  1.39603835  1.38438608  2.85695003  2.7509612   1.61245634  3.38873751
  2.33192533  1.22884883  2.36264867  3.0478162   2.38582066  5.98651932
  4.29503624  2.13845224  0.91195754  4.93686218  6.6061896  10.06649614
  1.78150206  1.14743578  0.75385599  1.12863767  2.14603796 10.05789464
  3.22634919  1.51020094  2.30268273  0.9739701   1.28701805  1.78600788
  0.67198143  2.17283362  1.99023207  1.00985591  2.44712426  5.83211926
  2.86894526  9.38507172  4.61188592  3.35808115  4.2184905   3.88048834
  2.98666867  5.60722353]"
Ridge,{'alpha': 1},"[ 3.16921121  1.97424068  3.78773888  9.37870713  2.90616602  1.33236353
  2.81692164  2.79603348  3.11893877 10.58512237 10.61434413  1.23666636
  1.73544234  4.33642128  0.81812139 11.54506161  1.10310085  4.2581782
  7.57411376  1.76630855  1.37404733  1.50165019  1.91121699  5.67303722
  1.10445239  4.18678984  1.49793434  1.25477563  1.33744177  6.51001533
 11.85412755  0.65624949  1.0400708   2.30693378  2.9365018   2.94875618
  5.34775702  1.18570785  2.79875405  5.22491353  2.02865504  2.96807149
  1.66126107  9.99535362  0.60476359  3.56714251  0.14494105  1.72418176
  3.57590576  4.1819391   2.66539628  1.76023977  1.99836626  3.39571869
  4.48983414  1.99007163  8.26497816  1.62803577  9.65305251  0.91565016
  2.16852362  1.48310768  3.5512495   3.90600532  1.54376958  9.97871475
  1.97624712  0.6866968   1.81344496  1.3404288   1.18807341  8.21488324
  0.93082819  5.51332833  1.51953578  0.94904996  0.66899239  1.68585695
 21.72185104  1.45001628  0.34221986  2.18794713  2.50987705  3.47255152
  0.78961173  2.88064221 12.97386241  2.45033694  1.78525471  3.19406206
  9.11202857  2.71421659  1.3782723   2.10694463  5.09439347  9.23172678
  1.19345003  4.40913922  0.89628497  1.35292486  2.26094492  6.28975581
  5.20860299  2.22133353  0.44227971  2.58963125  1.73743693 16.11255169
  1.47889099  2.84494374  7.33682963  9.67586091  0.62010567  0.84736191
  7.00462627  3.56949229  1.17740904  6.19541707  2.73996345  2.30231864
  1.27120157  1.23475862  1.6249567   1.73061486  2.06622087  2.88141265
  2.91223855  2.4100143   5.03094991  1.35362107  1.720025    3.48723865
  6.11975417  1.99145415  3.25439661  2.16323391  1.10665907  0.50536
  0.57117937  6.36724916  3.41424241  1.06348398  3.74638901  0.73928127
  1.88907931 16.00110752  2.56607835  1.3558378   1.65514025  1.71192855
  1.25515295  5.78224662  2.79617626  3.65433333  2.19587218  0.27995774
  2.12295733  4.59353564  2.41551381  1.48675762  0.2831353   1.3116058
  5.63261153  1.02976848  4.69496655  5.81525866  1.57529462  1.52644954
  3.9036039   4.29120924  2.76260714  3.57897995  1.5387156  13.60228875
  1.80386112  8.42280394  2.9125733   2.20521995  1.45449214  2.17896151
  4.03645253  0.83345898  1.60049474  0.71512241  3.37971245  2.27699499
  2.85945535  1.16523162 10.35478631  3.43698587  0.38668651  1.77641805
  2.76324265  2.03692983  0.45571897  1.51094037  2.19936571  1.20852499
  2.23727732  1.75306645  1.83446956  1.7140572   1.65041829  9.91304225
  6.38273698  4.208775    6.93798141  5.27574586  2.25324849  1.88179092
  1.16684429  0.74418802  2.69119883  0.54675926  2.58904183  2.4159661
  3.52758823  2.01613508  2.98521099  2.75116384 10.91922518  6.83367203
  2.86780961  0.79796125  2.97890542  2.58929317  3.00567724  3.04636848
  5.38919444  3.2578349   3.99831425  3.53087333  4.9705189   5.00247329
  2.10713315  3.18398824 22.33034856  1.35874778  3.7628322   3.84495667
  3.47074444  1.00434884  0.94966619  2.34495271  1.19217192  6.62467211
  4.41546733  2.37864586 10.66535198  4.23696572  2.57025749  0.4224068
  1.79943807  7.13339851  1.73214607  1.49081185  1.20664712  3.2507132
  4.14536278  1.08778685  1.13484575  1.99661487  3.38913504 10.07702318
  8.47758297  2.80498847  5.51359096  2.52466693  4.60024013  2.37685453
  2.22460644  2.74678821  2.34020596  1.14152591  3.46474446  0.16414078
  1.39602147  1.38437312  2.85763576  2.75098991  1.61247993  3.38873557
  2.33184371  1.22887     2.36270953  3.04793628  2.38601916  5.98626587
  4.29520253  2.13860047  0.91224897  4.93673231  6.60618723 10.06660646
  1.78146257  1.14743448  0.75383395  1.12851625  2.14615977 10.05794605
  3.22661143  1.5102181   2.30243362  0.97394408  1.28691941  1.78603835
  0.67199397  2.17287641  1.99046657  1.0098654   2.44738307  5.83225646
  2.86899594  9.38516378  4.61187358  3.35802935  4.21831114  3.88051157
  2.98739013  5.6076072 ]"
Ridge,{'alpha': 10},"[ 3.16909875  1.97387551  3.78680246  9.37888015  2.90613401  1.33014336
  2.81640603  2.79791411  3.11886765 10.58360669 10.61433083  1.23659041
  1.73525264  4.33541251  0.8187705  11.5450593   1.1030713   4.25813252
  7.57423471  1.76659626  1.37391942  1.50333194  1.91212251  5.67285314
  1.10943635  4.1843343   1.49799351  1.2548601   1.33714714  6.50979771
 11.85140656  0.65628367  1.04076272  2.30709416  2.93403411  2.94792593
  5.34871311  1.18607205  2.79857518  5.2251622   2.02840087  2.96817402
  1.66016234  9.99568048  0.60637673  3.56678671  0.14159762  1.72228
  3.57541466  4.17990987  2.6650459   1.75991788  1.9983658   3.39582127
  4.48942368  1.98975548  8.26539066  1.62904162  9.64978598  0.9141351
  2.16746581  1.48656043  3.55100908  3.90635068  1.54407942  9.97842967
  1.97808163  0.68889045  1.81104966  1.33956029  1.18849447  8.21733233
  0.92875408  5.51394819  1.51941067  0.94992011  0.66910957  1.68634954
 21.72141458  1.45013591  0.34319302  2.18691041  2.51021581  3.4736733
  0.78912886  2.88101425 12.97732701  2.4501495   1.78301487  3.19506432
  9.11312642  2.71433918  1.37172119  2.10758961  5.09396442  9.23168741
  1.19337138  4.40859408  0.89765342  1.34548899  2.26223804  6.28974073
  5.20189649  2.22098546  0.44452922  2.5882876   1.73426776 16.10853659
  1.48156817  2.84472482  7.34080522  9.67872178  0.62126519  0.84849728
  7.00591704  3.56954432  1.1775067   6.19514949  2.73994181  2.30581475
  1.27092817  1.2349536   1.6249077   1.73021151  2.0643845   2.88162652
  2.90742028  2.40786316  5.03125411  1.35812864  1.71691054  3.48811221
  6.12422542  1.99287579  3.25591503  2.16381399  1.10725102  0.50537497
  0.57122796  6.36939301  3.41479283  1.06369239  3.74560445  0.73922516
  1.88932941 15.99607058  2.56603404  1.35587459  1.65731588  1.71619204
  1.25519638  5.78215592  2.79669822  3.6546779   2.19532618  0.2810235
  2.12291644  4.59349834  2.41477312  1.48657439  0.28415077  1.31225287
  5.63342634  1.03005059  4.69361316  5.81460336  1.57607717  1.52649872
  3.9035274   4.29163824  2.76305173  3.57885112  1.53978462 13.59970961
  1.80376692  8.42285622  2.91242827  2.20451533  1.45555486  2.18078116
  4.03614599  0.83363662  1.5960298   0.71502409  3.38087218  2.27691515
  2.85815493  1.16518704 10.35493159  3.4365728   0.38568506  1.77641058
  2.76361527  2.03705758  0.45629818  1.5095709   2.19927506  1.20858722
  2.23714362  1.75283998  1.8342405   1.71159332  1.65033696  9.90977688
  6.38373316  4.21189188  6.9384041   5.27576712  2.25381254  1.88002239
  1.16691281  0.74288888  2.69118482  0.54777676  2.58951246  2.41651509
  3.52595202  2.01778522  2.98508295  2.75199196 10.91838287  6.82814517
  2.86880637  0.79798061  2.97874844  2.58802428  3.00573265  3.04619496
  5.38909015  3.25484782  3.99719255  3.53054     4.97152719  5.00334451
  2.10920787  3.18555334 22.32994144  1.36099443  3.76361408  3.84597607
  3.46625254  1.00521886  0.94891828  2.34486899  1.1906993   6.62627075
  4.41541408  2.37769723 10.6630825   4.23722072  2.57055012  0.42216495
  1.80233057  7.13738373  1.73436236  1.49093011  1.20678014  3.2518586
  4.14508834  1.08816421  1.13382137  1.99824904  3.39214146 10.07851784
  8.47740043  2.80348006  5.51347641  2.52522501  4.60366612  2.37697975
  2.23154919  2.74667435  2.33918137  1.14547586  3.46767683  0.16504603
  1.39586478  1.38425173  2.86434389  2.75127426  1.612713    3.38871576
  2.33102432  1.22907784  2.36332325  3.04912304  2.38801238  5.983782
  4.29685388  2.14003551  0.91511263  4.93541732  6.60616242 10.06768917
  1.78107575  1.14742169  0.75363261  1.12731326  2.14734368 10.05845045
  3.22918312  1.51038774  2.29999589  0.97369273  1.28597504  1.78635142
  0.67209529  2.17328595  1.99277092  1.00993951  2.44992035  5.83361211
  2.86951403  9.38607224  4.61175182  3.35749867  4.21655178  3.88074078
  2.99446339  5.61134435]"
Ridge,{'alpha': 100},"[ 3.16947341  1.97094481  3.78018789  9.38009234  2.90584423  1.31125124
  2.8106405   2.8127274   3.11829993 10.570066   10.61366997  1.23594992
  1.7339453   4.33464409  0.82362789 11.54513791  1.10384352  4.25768423
  7.57585291  1.76923578  1.37288538  1.51724073  1.92033557  5.67117786
  1.15578815  4.16288011  1.49852548  1.25560275  1.33457551  6.50807212
 11.82638128  0.6569847   1.0473191   2.3085842   2.91429214  2.94311251
  5.35745094  1.18899119  2.79745106  5.22661437  2.02632243  2.9695366
  1.65013365  9.99772778  0.62145885  3.56464311  0.11409694  1.70684002
  3.57260321  4.16385017  2.66239693  1.7563386   1.99905513  3.39668484
  4.4860842   1.98709176  8.26809212  1.63856945  9.62031649  0.90013605
  2.15757841  1.51586715  3.54878237  3.90909847  1.54690132  9.97555078
  1.99478301  0.70903922  1.7906035   1.33233059  1.19195626  8.2386081
  0.90986682  5.52060796  1.51848521  0.95654946  0.67015081  1.6908782
 21.71845804  1.45133646  0.35290216  2.17772412  2.51212149  3.48482752
  0.78624639  2.88534575 13.00606855  2.44823642  1.76738603  3.20547316
  9.12272186  2.71442623  1.31788006  2.11325279  5.09157617  9.23105208
  1.1937603   4.40398284  0.90838509  1.28631761  2.27360751  6.28969359
  5.14683752  2.21808928  0.46302751  2.57697708  1.71134616 16.07747377
  1.50329443  2.84218154  7.37503598  9.70300571  0.63115267  0.85565178
  7.01585814  3.57081142  1.17835733  6.19264796  2.73970162  2.33640611
  1.26791468  1.23674458  1.62448133  1.72733593  2.05347179  2.88310665
  2.87097226  2.39289693  5.03381542  1.39143115  1.69667725  3.49454524
  6.16239364  2.0025942   3.26961246  2.16811787  1.11253059  0.50548542
  0.57170691  6.38974567  3.41869989  1.06558305  3.73836517  0.74156073
  1.89221911 15.95158446  2.56574891  1.3555666   1.67683277  1.75326348
  1.25550515  5.78104522  2.80184099  3.65772581  2.18991211  0.28870576
  2.12227668  4.59317966  2.4091238   1.48467965  0.29402234  1.31818349
  5.64077897  1.0324845   4.68218603  5.80963459  1.58304953  1.52689509
  3.90284429  4.29431294  2.76727616  3.57810321  1.54885617 13.57768103
  1.80290796  8.42330904  2.91123653  2.19856883  1.46420575  2.19417338
  4.03323232  0.83532743  1.55796981  0.71467583  3.39182664  2.27620919
  2.84748782  1.16475872 10.35576186  3.43182167  0.37997724  1.77680147
  2.7672993   2.03819735  0.46124315  1.497935    2.19846714  1.20865664
  2.2362496   1.75211184  1.83238068  1.69166289  1.65028843  9.88167354
  6.39211945  4.23704755  6.943056    5.27590042  2.25788929  1.8662975
  1.16825299  0.73247751  2.69032908  0.55800371  2.59179696  2.42153863
  3.51113847  2.03287409  2.98428233  2.75890037 10.9111372   6.77738946
  2.8770778   0.79804951  2.97737172  2.57700613  3.006167    3.04450049
  5.3881195   3.22810883  3.98896389  3.52754131  4.98027752  5.01063039
  2.12709321  3.1972685  22.32810515  1.37776134  3.77043141  3.85514824
  3.42731535  1.01500328  0.94336141  2.34425018  1.17791637  6.63924786
  4.41487628  2.37146133 10.64270456  4.2388266   2.57313575  0.42003598
  1.82627031  7.17238849  1.75492701  1.49168774  1.20781744  3.26229839
  4.14260688  1.09311408  1.12582451  2.01331495  3.42047707 10.08898346
  8.47575749  2.79169941  5.51212606  2.53185843  4.63373199  2.37803137
  2.28680836  2.74567626  2.32818083  1.17990131  3.48801989  0.17552397
  1.39514464  1.38363742  2.91971866  2.75389211  1.61484126  3.38849692
  2.32281679  1.23074573  2.3697804   3.05970147  2.40800019  5.96341319
  4.31208951  2.15109559  0.93964138  4.92126106  6.60583121 10.07685415
  1.77796442  1.14731104  0.75289231  1.11623907  2.1564185  10.06262399
  3.25068126  1.51192059  2.27991149  0.97192318  1.2798789   1.78998292
  0.67119516  2.1759169   2.01237115  1.00912996  2.47107569  5.8457454
  2.87539888  9.39416492  4.61065237  3.3513787   4.20172053  3.88276589
  3.05381305  5.64100995]"
Ridge,{'alpha': 1000},"[ 3.18403401  1.96948441  3.78521957  9.37945292  2.90409771  1.2342911
  2.73763261  2.847539    3.11058536 10.50568362 10.59769758  1.23085327
  1.73101907  4.51774876  0.84989427 11.54933991  1.13013195  4.25402138
  7.60223102  1.78606125  1.36802063  1.57260197  1.96879153  5.66064622
  1.41805577  4.04859156  1.50238229  1.25842557  1.34249134  6.51004562
 11.673768    0.66201354  1.09947921  2.31841862  2.84905872  2.9745115
  5.40794005  1.19316702  2.79727692  5.22266056  2.02149829  2.98395381
  1.59180307  9.9967134   0.69188269  3.56452749  0.02572579  1.66120571
  3.5988105   4.13969264  2.64501825  1.72164278  2.00514853  3.40241887
  4.48340787  1.97887675  8.26504164  1.69519322  9.44072719  0.81281328
  2.08753384  1.63889442  3.5362871   3.91483877  1.56182435  9.95667037
  2.08292437  0.82326795  1.70703095  1.30169544  1.20775695  8.33138195
  0.80879995  5.57151745  1.5133962   0.96890125  0.67611108  1.71755755
 21.73494402  1.46182083  0.41837418  2.13724654  2.49762919  3.56296271
  0.80719571  2.93054997 13.13507306  2.43300069  1.77480123  3.26550021
  9.16592056  2.6986352   1.1330126   2.14389228  5.10288001  9.22035142
  1.16510757  4.38420425  0.94541151  1.09334894  2.32625413  6.29224926
  4.92801137  2.21171274  0.55811413  2.55122134  1.64596498 15.99744022
  1.56222649  2.82463174  7.57589342  9.79771637  0.68210957  0.8314084
  7.04000975  3.59280988  1.1834158   6.17691879  2.7361768   2.48949796
  1.24718623  1.24831978  1.62219594  1.71937636  2.07649053  2.89492227
  2.83252113  2.38340062  5.04287926  1.44360984  1.7137802   3.51083055
  6.32919774  2.0012468   3.34145465  2.17418521  1.13986653  0.50665268
  0.57461208  6.51278206  3.42656338  1.07582778  3.69860207  0.79984349
  1.92194883 15.72284753  2.56618942  1.3476523   1.78179175  1.92335796
  1.25611177  5.76563545  2.83544922  3.67482065  2.15255554  0.28888984
  2.11699972  4.59286483  2.40664549  1.46294452  0.37138267  1.3540604
  5.67872869  1.04328085  4.63508285  5.80016039  1.63099657  1.5204061
  3.89890329  4.28488552  2.78815059  3.580279    1.58851489 13.48107287
  1.79763923  8.42583798  2.90847617  2.16575031  1.48906277  2.1973223
  4.01334948  0.84600133  1.4056803   0.72095633  3.45057893  2.2721398
  2.80462709  1.16196872 10.34984557  3.38641796  0.41027293  1.78713657
  2.78521622  2.04804036  0.48750947  1.45676318  2.19402869  1.19933282
  2.23922069  1.7813783   1.83032506  1.6280445   1.65400817  9.77668604
  6.42325957  4.32323397  6.98991492  5.27446904  2.26822334  1.8309992
  1.18747196  0.69080637  2.66416225  0.62931262  2.57076338  2.44823482
  3.43508324  2.1314896   2.98791475  2.77629671 10.86974582  6.50416135
  2.88693354  0.79687358  2.9698965   2.53332431  3.00738346  3.0314963
  5.38357946  3.09875076  3.98013605  3.51590505  5.02685029  5.04776018
  2.20336199  3.20926021 22.35129355  1.39999053  3.80168703  3.91723554
  3.24333008  1.12156853  0.94645714  2.34372136  1.13704925  6.67603602
  4.41118654  2.37145787 10.5294618   4.22586496  2.58600489  0.40834881
  1.90720152  7.33618278  1.88647873  1.50279699  1.21258986  3.31390566
  4.1308895   1.1559159   1.10443988  2.0988349   3.58320059 10.11214792
  8.46546616  2.76178538  5.48984735  2.62414488  4.7751487   2.38319856
  2.42424372  2.74025983  2.2136309   1.33584175  3.50578435  0.27596823
  1.40098237  1.38833776  3.13585597  2.77120523  1.63160611  3.38636592
  2.26787954  1.2208863   2.42378798  3.10447395  2.53705064  5.90311838
  4.39132772  2.20512021  1.04629693  4.79586662  6.60087855 10.11381829
  1.77481312  1.14649602  0.75886746  1.044931    2.16848954 10.07090821
  3.32656302  1.52125099  2.21165474  0.97895657  1.30851865  1.82210678
  0.61829645  2.16603519  2.0869013   0.97771768  2.54054121  5.90760241
  2.9253828   9.43681032  4.60141181  3.29465587  4.13980603  3.89330154
  3.28629742  5.72237   ]"
